"daynum","ind.derm.exp1","ind.derm.exp2","ind.derm.exp3","ind.derm.exp4","ind.derm.exp5","ind.derm.pr.exp1","ind.derm.pr.exp2","ind.derm.pr.exp3","ind.derm.pr.exp4","ind.derm.pr.exp5","ind.derm.ar.exp1","ind.derm.ar.exp2","ind.derm.ar.exp3","ind.derm.ar.exp4","ind.derm.ar.exp5","ind.derm.max1","ind.derm.max2","ind.derm.max3","ind.derm.max4","ind.derm.max5","ind.derm.abs1","ind.derm.abs2","ind.derm.abs3","ind.derm.abs4","ind.derm.abs5","ind.inhal.exp1","ind.inhal.exp2","ind.inhal.exp3","ind.inhal.exp4","ind.inhal.exp5","ind.inhal.pr.exp1","ind.inhal.pr.exp2","ind.inhal.pr.exp3","ind.inhal.pr.exp4","ind.inhal.pr.exp5","ind.inhal.ar.exp1","ind.inhal.ar.exp2","ind.inhal.ar.exp3","ind.inhal.ar.exp4","ind.inhal.ar.exp5","ind.inhal.amb.in1","ind.inhal.amb.in2","ind.inhal.amb.in3","ind.inhal.amb.in4","ind.inhal.amb.in5","ind.inhal.amb.out1","ind.inhal.amb.out2","ind.inhal.amb.out3","ind.inhal.amb.out4","ind.inhal.amb.out5","ind.inhal.max1","ind.inhal.max2","ind.inhal.max3","ind.inhal.max4","ind.inhal.max5","ind.inhal.mass1","ind.inhal.mass2","ind.inhal.mass3","ind.inhal.mass4","ind.inhal.mass5","ind.inhal.abs1","ind.inhal.abs2","ind.inhal.abs3","ind.inhal.abs4","ind.inhal.abs5","ind.ingest.exp1","ind.ingest.exp2","ind.ingest.exp3","ind.ingest.exp4","ind.ingest.exp5","ind.ingest.abs1","ind.ingest.abs2","ind.ingest.abs3","ind.ingest.abs4","ind.ingest.abs5"
1,0,0,0,0,0,0,0,0,0,0,0,0,0,0,0,0,0,0,0,0,0,0,0,0,0,0,0,0,0,0,0,0,0,0,0,0,0,0,0,0,0,0,0,0,0,0,0,0,0,0,0,0,0,0,0,0,0,0,0,0,0,0,0,0,0,0,0,0,0,0,0,0,0,0,0
2,0,0,0,0,0,0,0,0,0,0,0,0,0,0,0,0,0,0,0,0,0,0,0,0,0,0,0,0,0,0,0,0,0,0,0,0,0,0,0,0,0,0,0,0,0,0,0,0,0,0,0,0,0,0,0,0,0,0,0,0,0,0,0,0,0,0,0,0,0,0,0,0,0,0,0
3,0,0,0,0,0,0,0,0,0,0,0,0,0,0,0,0,0,0,0,0,0,0,0,0,0,0,0,0,0,0,0,0,0,0,0,0,0,0,0,0,0,0,0,0,0,0,0,0,0,0,0,0,0,0,0,0,0,0,0,0,0,0,0,0,0,0,0,0,0,0,0,0,0,0,0
4,0,0,0,0,0,0,0,0,0,0,0,0,0,0,0,0,0,0,0,0,0,0,0,0,0,0,0,0,0,0,0,0,0,0,0,0,0,0,0,0,0,0,0,0,0,0,0,0,0,0,0,0,0,0,0,0,0,0,0,0,0,0,0,0,0,0,0,0,0,0,0,0,0,0,0
5,0,0,0,0,0,0,0,0,0,0,0,0,0,0,0,0,0,0,0,0,0,0,0,0,0,0,0,0,0,0,0,0,0,0,0,0,0,0,0,0,0,0,0,0,0,0,0,0,0,0,0,0,0,0,0,0,0,0,0,0,0,0,0,0,0,0,0,0,0,0,0,0,0,0,0
6,0,0,0,0,0,0,0,0,0,0,0,0,0,0,0,0,0,0,0,0,0,0,0,0,0,0,0,0,0,0,0,0,0,0,0,0,0,0,0,0,0,0,0,0,0,0,0,0,0,0,0,0,0,0,0,0,0,0,0,0,0,0,0,0,0,0,0,0,0,0,0,0,0,0,0
7,0,0,0,0,0,0,0,0,0,0,0,0,0,0,0,0,0,0,0,0,0,0,0,0,0,0,0,0,0,0,0,0,0,0,0,0,0,0,0,0,0,0,0,0,0,0,0,0,0,0,0,0,0,0,0,0,0,0,0,0,0,0,0,0,0,0,0,0,0,0,0,0,0,0,0
8,0,0,0,0,0,0,0,0,0,0,0,0,0,0,0,0,0,0,0,0,0,0,0,0,0,0,0,0,0,0,0,0,0,0,0,0,0,0,0,0,0,0,0,0,0,0,0,0,0,0,0,0,0,0,0,0,0,0,0,0,0,0,0,0,0,0,0,0,0,0,0,0,0,0,0
9,0,0,0,0,0,0,0,0,0,0,0,0,0,0,0,0,0,0,0,0,0,0,0,0,0,0,0,0,0,0,0,0,0,0,0,0,0,0,0,0,0,0,0,0,0,0,0,0,0,0,0,0,0,0,0,0,0,0,0,0,0,0,0,0,0,0,0,0,0,0,0,0,0,0,0
10,0,0,0,0,0,0,0,0,0,0,0,0,0,0,0,0,0,0,0,0,0,0,0,0,0,0,0,0,0,0,0,0,0,0,0,0,0,0,0,0,0,0,0,0,0,0,0,0,0,0,0,0,0,0,0,0,0,0,0,0,0,0,0,0,0,0,0,0,0,0,0,0,0,0,0
11,0,0,0,0,0,0,0,0,0,0,0,0,0,0,0,0,0,0,0,0,0,0,0,0,0,0,0,0,0,0,0,0,0,0,0,0,0,0,0,0,0,0,0,0,0,0,0,0,0,0,0,0,0,0,0,0,0,0,0,0,0,0,0,0,0,0,0,0,0,0,0,0,0,0,0
12,0,0,0,0,0,0,0,0,0,0,0,0,0,0,0,0,0,0,0,0,0,0,0,0,0,0,0,0,0,0,0,0,0,0,0,0,0,0,0,0,0,0,0,0,0,0,0,0,0,0,0,0,0,0,0,0,0,0,0,0,0,0,0,0,0,0,0,0,0,0,0,0,0,0,0
13,0,0,0,0,0,0,0,0,0,0,0,0,0,0,0,0,0,0,0,0,0,0,0,0,0,0,0,0,0,0,0,0,0,0,0,0,0,0,0,0,0,0,0,0,0,0,0,0,0,0,0,0,0,0,0,0,0,0,0,0,0,0,0,0,0,0,0,0,0,0,0,0,0,0,0
14,0,0,0,0,0,0,0,0,0,0,0,0,0,0,0,0,0,0,0,0,0,0,0,0,0,0,0,0,0,0,0,0,0,0,0,0,0,0,0,0,0,0,0,0,0,0,0,0,0,0,0,0,0,0,0,0,0,0,0,0,0,0,0,0,0,0,0,0,0,0,0,0,0,0,0
15,0,0,0,0,0,0,0,0,0,0,0,0,0,0,0,0,0,0,0,0,0,0,0,0,0,0,0,0,0,0,0,0,0,0,0,0,0,0,0,0,0,0,0,0,0,0,0,0,0,0,0,0,0,0,0,0,0,0,0,0,0,0,0,0,0,0,0,0,0,0,0,0,0,0,0
16,0,0,0,0,0,0,0,0,0,0,0,0,0,0,0,0,0,0,0,0,0,0,0,0,0,0,0,0,0,0,0,0,0,0,0,0,0,0,0,0,0,0,0,0,0,0,0,0,0,0,0,0,0,0,0,0,0,0,0,0,0,0,0,0,0,0,0,0,0,0,0,0,0,0,0
17,0,0,0,0,0,0,0,0,0,0,0,0,0,0,0,0,0,0,0,0,0,0,0,0,0,0,0,0,0,0,0,0,0,0,0,0,0,0,0,0,0,0,0,0,0,0,0,0,0,0,0,0,0,0,0,0,0,0,0,0,0,0,0,0,0,0,0,0,0,0,0,0,0,0,0
18,0,0,0,0,0,0,0,0,0,0,0,0,0,0,0,0,0,0,0,0,0,0,0,0,0,0,0,0,0,0,0,0,0,0,0,0,0,0,0,0,0,0,0,0,0,0,0,0,0,0,0,0,0,0,0,0,0,0,0,0,0,0,0,0,0,0,0,0,0,0,0,0,0,0,0
19,0,0,0,0,0,0,0,0,0,0,0,0,0,0,0,0,0,0,0,0,0,0,0,0,0,0,0,0,0,0,0,0,0,0,0,0,0,0,0,0,0,0,0,0,0,0,0,0,0,0,0,0,0,0,0,0,0,0,0,0,0,0,0,0,0,0,0,0,0,0,0,0,0,0,0
20,0,0,0,0,0,0,0,0,0,0,0,0,0,0,0,0,0,0,0,0,0,0,0,0,0,0,0,0,0,0,0,0,0,0,0,0,0,0,0,0,0,0,0,0,0,0,0,0,0,0,0,0,0,0,0,0,0,0,0,0,0,0,0,0,0,0,0,0,0,0,0,0,0,0,0
21,0,0,0,0,0,0,0,0,0,0,0,0,0,0,0,0,0,0,0,0,0,0,0,0,0,0,0,0,0,0,0,0,0,0,0,0,0,0,0,0,0,0,0,0,0,0,0,0,0,0,0,0,0,0,0,0,0,0,0,0,0,0,0,0,0,0,0,0,0,0,0,0,0,0,0
22,0,0,0,0,0,0,0,0,0,0,0,0,0,0,0,0,0,0,0,0,0,0,0,0,0,0,0,0,0,0,0,0,0,0,0,0,0,0,0,0,0,0,0,0,0,0,0,0,0,0,0,0,0,0,0,0,0,0,0,0,0,0,0,0,0,0,0,0,0,0,0,0,0,0,0
23,0,0,0,0,0,0,0,0,0,0,0,0,0,0,0,0,0,0,0,0,0,0,0,0,0,0,0,0,0,0,0,0,0,0,0,0,0,0,0,0,0,0,0,0,0,0,0,0,0,0,0,0,0,0,0,0,0,0,0,0,0,0,0,0,0,0,0,0,0,0,0,0,0,0,0
24,0,0,0,0,0,0,0,0,0,0,0,0,0,0,0,0,0,0,0,0,0,0,0,0,0,0,0,0,0,0,0,0,0,0,0,0,0,0,0,0,0,0,0,0,0,0,0,0,0,0,0,0,0,0,0,0,0,0,0,0,0,0,0,0,0,0,0,0,0,0,0,0,0,0,0
25,0,0,0,0,0,0,0,0,0,0,0,0,0,0,0,0,0,0,0,0,0,0,0,0,0,0,0,0,0,0,0,0,0,0,0,0,0,0,0,0,0,0,0,0,0,0,0,0,0,0,0,0,0,0,0,0,0,0,0,0,0,0,0,0,0,0,0,0,0,0,0,0,0,0,0
26,0,0,0,0,0,0,0,0,0,0,0,0,0,0,0,0,0,0,0,0,0,0,0,0,0,0,0,0,0,0,0,0,0,0,0,0,0,0,0,0,0,0,0,0,0,0,0,0,0,0,0,0,0,0,0,0,0,0,0,0,0,0,0,0,0,0,0,0,0,0,0,0,0,0,0
27,0,0,25.3059128078699,0,0,0,0,25.3059128078699,0,0,0,0,0,0,0,0,0,0.00351253800723189,0,0,0,0,0.016956068020158,0,0,0,0,31.5974645858887,0,0,0,0,31.5974645858887,0,0,0,0,0,0,0,0,0,0,0,0,0,0,0,0,0,0,0,361.849896732695,0,0,0,0,834.109856944827,0,0,0,0,133.457577111172,0,0,0,0,1.94046338866905e-06,0,0,0,0,1.9398684891652e-06,0,0
28,0,0,21.7404740390931,0,0,0,0,21.7404740390931,0,0,0,0,0,0,0,0,0,0.00265992834930219,0,0,0,0,0.0145670681550242,0,0,0,0,1.15428999990067,0,0,0,0,1.15428999990067,0,0,0,0,0,0,0,0,0,0,0,0,0,0,0,0,0,0,0,1.47362779028771,0,0,0,0,25.4864087742595,0,0,0,0,4.07782540388152,0,0,0,0,1.66706469928445e-06,0,0,0,0,1.6665536172572e-06,0,0
29,0,0,5.66301862939163,0,0,0,0,5.66301862939163,0,0,0,0,0,0,0,0,0,0.00134428123451502,0,0,0,0,0.00379447008327335,0,0,0,0,0.418808142695111,0,0,0,0,0.418808142695111,0,0,0,0,0,0,0,0,0,0,0,0,0,0,0,0,0,0,0,0.916605378716227,0,0,0,0,8.04691495527041,0,0,0,0,1.28750639284327,0,0,0,0,4.342416099793e-07,0,0,0,0,4.3410848192348e-07,0,0
30,0,0,3.06625895620454,0,0,0,0,3.06625895620454,0,0,0,0,0,0,0,0,0,0.000869232530900154,0,0,0,0,0.00205452756529904,0,0,0,0,0.235345391934082,0,0,0,0,0.235345391934082,0,0,0,0,0,0,0,0,0,0,0,0,0,0,0,0,0,0,0,0.581561225404968,0,0,0,0,4.4641527242362,0,0,0,0,0.714264435877793,0,0,0,0,2.35121463108934e-07,0,0,0,0,2.3504938051126e-07,0,0
31,0,0,2.13776076373604,0,0,0,0,2.13776076373604,0,0,0,0,0,0,0,0,0,0.000551504444616453,0,0,0,0,0.00143239318004211,0,0,0,0,0.164442053769598,0,0,0,0,0.164442053769598,0,0,0,0,0,0,0,0,0,0,0,0,0,0,0,0,0,0,0,0.368984810422692,0,0,0,0,3.11496676409896,0,0,0,0,0.498394682255833,0,0,0,0,1.6392400176424e-07,0,0,0,0,1.63873746599475e-07,0,0
32,0,0,1.2355502984657,0,0,0,0,1.2355502984657,0,0,0,0,0,0,0,0,0,0.000349914598935598,0,0,0,0,0.00082787272137426,0,0,0,0,0.10026424399289,0,0,0,0,0.10026424399289,0,0,0,0,0,0,0,0,0,0,0,0,0,0,0,0,0,0,0,0.234110845728862,0,0,0,0,1.8642718019239,0,0,0,0,0.298283488307823,0,0,0,0,9.47422895682389e-08,0,0,0,0,9.47132438560722e-08,0,0
33,0,0,0.821031401782176,0,0,0,0,0.821031401782176,0,0,0,0,0,0,0,0,0,0.000217842352284734,0,0,0,0,0.000550126936775614,0,0,0,0,0.0598026891310667,0,0,0,0,0.0598026891310667,0,0,0,0,0,0,0,0,0,0,0,0,0,0,0,0,0,0,0,0.148536976427559,0,0,0,0,1.15605539974217,0,0,0,0,0.184968863958748,0,0,0,0,6.29568823777214e-08,0,0,0,0,6.29375813085496e-08,0,0
34,0,0,1.48340117276716,0,0,0,0,1.48340117276716,0,0,0,0,0,0,0,0,0,0.000173519720970344,0,0,0,0,0.000993943643826983,0,0,0,0,0.0756065365540475,0,0,0,0,0.0756065365540475,0,0,0,0,0,0,0,0,0,0,0,0,0,0,0,0,0,0,0,0.0942426793493973,0,0,0,0,1.70123755924153,0,0,0,0,0.272198009478644,0,0,0,0,1.13747553321539e-07,0,0,0,0,1.13712681051632e-07,0,0
35,0,0,0.86879835578199,0,0,0,0,0.86879835578199,0,0,0,0,0,0,0,0,0,0.000110093552578675,0,0,0,0,0.000582132884448235,0,0,0,0,0.0476148315932584,0,0,0,0,0.0476148315932584,0,0,0,0,0,0,0,0,0,0,0,0,0,0,0,0,0,0,0,0.0597944217296281,0,0,0,0,1.03619066390413,0,0,0,0,0.165790506224661,0,0,0,0,6.66196637256462e-08,0,0,0,0,6.65992397356199e-08,0,0
36,0,0,0.259753804367418,0,0,0,0,0.259753804367418,0,0,0,0,0,0,0,0,0,7.11881523647664e-05,0,0,0,0,0.0001740464060233,0,0,0,0,0.0178769514909789,0,0,0,0,0.0178769514909789,0,0,0,0,0,0,0,0,0,0,0,0,0,0,0,0,0,0,0,0.0379379374044026,0,0,0,0,0.353360310578575,0,0,0,0,0.056537649692572,0,0,0,0,1.991798325037e-08,0,0,0,0,1.9911876874737e-08,0,0
37,0,0,0.145099592815179,0,0,0,0,0.145099592815179,0,0,0,0,0,0,0,0,0,3.53016089420209e-05,0,0,0,0,9.72230713094954e-05,0,0,0,0,0.0100127106170912,0,0,0,0,0.0100127106170912,0,0,0,0,0,0,0,0,0,0,0,0,0,0,0,0,0,0,0,0.0240705914175136,0,0,0,0,0.197654113388877,0,0,0,0,0.0316246581422203,0,0,0,0,1.11262711488154e-08,0,0,0,0,1.11228601011117e-08,0,0
38,0,0,0.100476526868993,0,0,0,0,0.100476526868993,0,0,0,0,0,0,0,0,0,2.28265530289805e-05,0,0,0,0,6.73236660915882e-05,0,0,0,0,0.00714521346401848,0,0,0,0,0.00714521346401848,0,0,0,0,0,0,0,0,0,0,0,0,0,0,0,0,0,0,0,0.0152721368326587,0,0,0,0,0.139395878500773,0,0,0,0,0.0223033405601237,0,0,0,0,7.70456388157904e-09,0,0,0,0,7.70220184720248e-09,0,0
39,0,0,0.0525255725580347,0,0,0,0,0.0525255725580347,0,0,0,0,0,0,0,0,0,1.42108675131344e-05,0,0,0,0,3.51944301655384e-05,0,0,0,0,0.00404448442082652,0,0,0,0,0.00404448442082652,0,0,0,0,0,0,0,0,0,0,0,0,0,0,0,0,0,0,0,0.00968975624195706,0,0,0,0,0.0765534945625366,0,0,0,0,0.0122485591300059,0,0,0,0,4.02767334620898e-09,0,0,0,0,4.02643855822519e-09,0,0
40,0,0,0.0325580682277241,0,0,0,0,0.0325580682277241,0,0,0,0,0,0,0,0,0,9.18896137026347e-06,0,0,0,0,2.18153292341444e-05,0,0,0,0,0.00256522448135063,0,0,0,0,0.00256522448135063,0,0,0,0,0,0,0,0,0,0,0,0,0,0,0,0,0,0,0,0.00614788729680341,0,0,0,0,0.0482066969238944,0,0,0,0,0.0077130715078231,0,0,0,0,2.49656038418183e-09,0,0,0,0,2.49579499868549e-09,0,0
41,0,0,0.0605888043980155,0,0,0,0,0.0605888043980155,0,0,0,0,0,0,0,0,0,7.31935730702776e-06,0,0,0,0,4.05971480433341e-05,0,0,0,0,0.00311580721875219,0,0,0,0,0.00311580721875219,0,0,0,0,0,0,0,0,0,0,0,0,0,0,0,0,0,0,0,0.00390066759889544,0,0,0,0,0.0698256281422011,0,0,0,0,0.0111721005027522,0,0,0,0,4.64596387374796e-09,0,0,0,0,4.6445395327274e-09,0,0
42,0,0,0.0396081419257856,0,0,0,0,0.0396081419257856,0,0,0,0,0,0,0,0,0,4.55672903567206e-06,0,0,0,0,2.65391868590028e-05,0,0,0,0,0.00197615003457848,0,0,0,0,0.00197615003457848,0,0,0,0,0,0,0,0,0,0,0,0,0,0,0,0,0,0,0,0.00247486770373684,0,0,0,0,0.04492609055749,0,0,0,0,0.0071881744891984,0,0,0,0,3.03716170539766e-09,0,0,0,0,3.03623058451066e-09,0,0
43,0,0,0.00938471846788856,0,0,0,0,0.00938471846788856,0,0,0,0,0,0,0,0,0,2.34695932057392e-06,0,0,0,0,6.28817169725109e-06,0,0,0,0,0.000708034255782025,0,0,0,0,0.000708034255782025,0,0,0,0,0,0,0,0,0,0,0,0,0,0,0,0,0,0,0,0.00157329888954314,0,0,0,0,0.0135165486958393,0,0,0,0,0.00216264779133429,0,0,0,0,7.19622435205763e-10,0,0,0,0,7.19401816238067e-10,0,0
44,0,0,0.00491858081278026,0,0,0,0,0.00491858081278026,0,0,0,0,0,0,0,0,0,1.46111977226907e-06,0,0,0,0,3.29566419742857e-06,0,0,0,0,0.000400261191111229,0,0,0,0,0.000400261191111229,0,0,0,0,0,0,0,0,0,0,0,0,0,0,0,0,0,0,0,0.00099627235427434,0,0,0,0,0.00743172284083937,0,0,0,0,0.0011890756545343,0,0,0,0,3.77157941856258e-10,0,0,0,0,3.77042314283076e-10,0,0
45,0,0,0.00334784000536905,0,0,0,0,0.00334784000536905,0,0,0,0,0,0,0,0,0,9.27040831857608e-07,0,0,0,0,2.24319917967906e-06,0,0,0,0,0.000261051366301069,0,0,0,0,0.000261051366301069,0,0,0,0,0,0,0,0,0,0,0,0,0,0,0,0,0,0,0,0.000632107763916523,0,0,0,0,0.00492167811725884,0,0,0,0,0.000787468498761415,0,0,0,0,2.56713164660866e-10,0,0,0,0,2.56634462565697e-10,0,0
46,0,0,0.00308002704329151,0,0,0,0,0.00308002704329151,0,0,0,0,0,0,0,0,0,7.5255487898371e-07,0,0,0,0,2.06375278562311e-06,0,0,0,0,0.000197280111440662,0,0,0,0,0.000197280111440662,0,0,0,0,0,0,0,0,0,0,0,0,0,0,0,0,0,0,0,0.000401055216968834,0,0,0,0,0.00401555853709141,0,0,0,0,0.000642489365934625,0,0,0,0,2.361772032882e-10,0,0,0,0,2.36104797025925e-10,0,0
47,0,0,0.0015540533167179,0,0,0,0,0.0015540533167179,0,0,0,0,0,0,0,0,0,3.73185665912036e-07,0,0,0,0,1.04128366936545e-06,0,0,0,0,0.000112284414363051,0,0,0,0,0.000112284414363051,0,0,0,0,0,0,0,0,0,0,0,0,0,0,0,0,0,0,0,0.000254458648097162,0,0,0,0,0.00217861987796927,0,0,0,0,0.000348579180475084,0,0,0,0,1.19165176456032e-10,0,0,0,0,1.19128643272895e-10,0,0
48,0,0,0.00252283171371291,0,0,0,0,0.00252283171371291,0,0,0,0,0,0,0,0,0,2.97256579999417e-07,0,0,0,0,1.69040755280815e-06,0,0,0,0,0.000129604976783216,0,0,0,0,0.000129604976783216,0,0,0,0,0,0,0,0,0,0,0,0,0,0,0,0,0,0,0,0.000161447104667552,0,0,0,0,0.00290664847337962,0,0,0,0,0.00046506375574074,0,0,0,0,1.93451333425548e-10,0,0,0,0,1.93392025889552e-10,0,0
49,0,0,0.00153677339906247,0,0,0,0,0.00153677339906247,0,0,0,0,0,0,0,0,0,1.88601230664244e-07,0,0,0,0,1.02970536901435e-06,0,0,0,0,8.16514913547581e-05,0,0,0,0,8.16514913547581e-05,0,0,0,0,0,0,0,0,0,0,0,0,0,0,0,0,0,0,0,0.000102433805258538,0,0,0,0,0.00180217716286627,0,0,0,0,0.000288348346058604,0,0,0,0,1.17840148276881e-10,0,0,0,0,1.17804021315583e-10,0,0
50,0,0,0.000312006877486219,0,0,0,0,0.000312006877486219,0,0,0,0,0,0,0,0,0,9.53156229115504e-08,0,0,0,0,2.09058249650183e-07,0,0,0,0,2.72286549895417e-05,0,0,0,0,2.72286549895417e-05,0,0,0,0,0,0,0,0,0,0,0,0,0,0,0,0,0,0,0,6.49914687621709e-05,0,0,0,0,0.000493316054604167,0,0,0,0,7.89305687366667e-05,0,0,0,0,2.39247612750278e-11,0,0,0,0,2.39174265174152e-11,0,0
51,0,0,0.000204441116899195,0,0,0,0,0.000204441116899195,0,0,0,0,0,0,0,0,0,6.1632520048993e-08,0,0,0,0,1.36984487008181e-07,0,0,0,0,1.77840269143546e-05,0,0,0,0,1.77840269143546e-05,0,0,0,0,0,0,0,0,0,0,0,0,0,0,0,0,0,0,0,4.12353226671929e-05,0,0,0,0,0.000322746971802195,0,0,0,0,5.16395154883511e-05,0,0,0,0,1.56765932726254e-11,0,0,0,0,1.56717872053662e-11,0,0
52,0,0,0.000159324970607554,0,0,0,0,0.000159324970607554,0,0,0,0,0,0,0,0,0,3.91041608909097e-08,0,0,0,0,1.06754696400092e-07,0,0,0,0,1.23822089595324e-05,0,0,0,0,1.23822089595324e-05,0,0,0,0,0,0,0,0,0,0,0,0,0,0,0,0,0,0,0,2.61626928557311e-05,0,0,0,0,0.000233594622440226,0,0,0,0,3.73751395904361e-05,0,0,0,0,1.22170764876967e-11,0,0,0,0,1.22133310252554e-11,0,0
53,0,0,8.78120155958548e-05,0,0,0,0,8.78120155958548e-05,0,0,0,0,0,0,0,0,0,2.48105285613279e-08,0,0,0,0,5.88378898139347e-08,0,0,0,0,7.241246942094e-06,0,0,0,0,7.241246942094e-06,0,0,0,0,0,0,0,0,0,0,0,0,0,0,0,0,0,0,0,1.65995184028935e-05,0,0,0,0,0.000133835248993175,0,0,0,0,2.1413639838908e-05,0,0,0,0,6.73344615713685e-12,0,0,0,0,6.73138184414778e-12,0,0
54,0,0,5.50190378279731e-05,0,0,0,0,5.50190378279731e-05,0,0,0,0,0,0,0,0,0,1.57416068640297e-08,0,0,0,0,3.6865160917042e-08,0,0,0,0,4.57105830512611e-06,0,0,0,0,4.57105830512611e-06,0,0,0,0,0,0,0,0,0,0,0,0,0,0,0,0,0,0,0,1.05319438150894e-05,0,0,0,0,8.42900945736275e-05,0,0,0,0,1.34864151317804e-05,0,0,0,0,4.21887285376946e-12,0,0,0,0,4.21757944860544e-12,0,0
55,0,0,0.000110020075245527,0,0,0,0,0.000110020075245527,0,0,0,0,0,0,0,0,0,1.25387887250733e-08,0,0,0,0,7.37182607720793e-08,0,0,0,0,5.43042776949083e-06,0,0,0,0,5.43042776949083e-06,0,0,0,0,0,0,0,0,0,0,0,0,0,0,0,0,0,0,0,6.68223244988025e-06,0,0,0,0,0.000124044991786485,0,0,0,0,1.98471986858376e-05,0,0,0,0,8.43636543180396e-12,0,0,0,0,8.43377904463535e-12,0,0
56,0,0,6.66556607142816e-05,0,0,0,0,6.66556607142816e-05,0,0,0,0,0,0,0,0,0,7.80613109307282e-09,0,0,0,0,4.46622070336243e-08,0,0,0,0,3.39429989973889e-06,0,0,0,0,3.39429989973889e-06,0,0,0,0,0,0,0,0,0,0,0,0,0,0,0,0,0,0,0,4.23969509315634e-06,0,0,0,0,7.64045919524414e-05,0,0,0,0,1.22247347123906e-05,0,0,0,0,5.11117185321941e-12,0,0,0,0,5.10960489059734e-12,0,0
57,0,0,1.70374725068646e-05,0,0,0,0,1.70374725068646e-05,0,0,0,0,0,0,0,0,0,4.02057528176175e-09,0,0,0,0,1.14158515012399e-08,0,0,0,0,1.25336882707272e-06,0,0,0,0,1.25336882707272e-06,0,0,0,0,0,0,0,0,0,0,0,0,0,0,0,0,0,0,0,2.68997144558419e-06,0,0,0,0,2.41303789301703e-05,0,0,0,0,3.86086062882725e-06,0,0,0,0,1.30643742772814e-12,0,0,0,0,1.3060369053673e-12,0,0
58,0,0,1.1107153331923e-05,0,0,0,0,1.1107153331923e-05,0,0,0,0,0,0,0,0,0,3.20254116664921e-09,0,0,0,0,7.44227836538824e-09,0,0,0,0,7.49525387668105e-07,0,0,0,0,7.49525387668105e-07,0,0,0,0,0,0,0,0,0,0,0,0,0,0,0,0,0,0,0,1.70671386009302e-06,0,0,0,0,1.49323208102982e-05,0,0,0,0,2.38917132964772e-06,0,0,0,0,8.51699148596895e-13,0,0,0,0,8.51438038078715e-13,0,0
59,0,0,5.55130604352578e-06,0,0,0,0,5.55130604352578e-06,0,0,0,0,0,0,0,0,0,1.558291528419e-09,0,0,0,0,3.71961776638479e-09,0,0,0,0,4.60692770311799e-07,0,0,0,0,4.60692770311799e-07,0,0,0,0,0,0,0,0,0,0,0,0,0,0,0,0,0,0,0,1.08919951092364e-06,0,0,0,0,8.48270821153733e-06,0,0,0,0,1.35723331384597e-06,0,0,0,0,4.25675462432202e-13,0,0,0,0,4.25544960551632e-13,0,0
60,0,0,4.43634825074461e-06,0,0,0,0,4.43634825074461e-06,0,0,0,0,0,0,0,0,0,1.24622814471088e-09,0,0,0,0,2.97254729643030e-09,0,0,0,0,3.02884216629763e-07,0,0,0,0,3.02884216629763e-07,0,0,0,0,0,0,0,0,0,0,0,0,0,0,0,0,0,0,0,6.87047567391231e-07,0,0,0,0,6.01096951452152e-06,0,0,0,0,9.61755122323443e-07,0,0,0,0,3.40180234766268e-13,0,0,0,0,3.40075943670614e-13,0,0
61,0,0,3.1022532627391e-06,0,0,0,0,3.1022532627391e-06,0,0,0,0,0,0,0,0,0,8.17963373413717e-10,0,0,0,0,2.07864532443985e-09,0,0,0,0,2.036262489565e-07,0,0,0,0,2.036262489565e-07,0,0,0,0,0,0,0,0,0,0,0,0,0,0,0,0,0,0,0,4.37330004320303e-07,0,0,0,0,4.10147018115696e-06,0,0,0,0,6.56235228985113e-07,0,0,0,0,2.37881515060473e-13,0,0,0,0,2.37808586297112e-13,0,0
62,0,0,4.20398282631688e-06,0,0,0,0,4.20398282631688e-06,0,0,0,0,0,0,0,0,0,5.09230154698392e-10,0,0,0,0,2.81685230245623e-09,0,0,0,0,2.21385206809411e-07,0,0,0,0,2.21385206809411e-07,0,0,0,0,0,0,0,0,0,0,0,0,0,0,0,0,0,0,0,2.76574984767793e-07,0,0,0,0,4.90679451445192e-06,0,0,0,0,7.85087122312308e-07,0,0,0,0,3.22362398977537e-13,0,0,0,0,3.22263570402708e-13,0,0
63,0,0,2.79754003539176e-06,0,0,0,0,2.79754003539176e-06,0,0,0,0,0,0,0,0,0,3.2309270956306e-10,0,0,0,0,1.87447413927965e-09,0,0,0,0,1.40199541692268e-07,0,0,0,0,1.40199541692268e-07,0,0,0,0,0,0,0,0,0,0,0,0,0,0,0,0,0,0,0,1.75479319913634e-07,0,0,0,0,3.1810326913659e-06,0,0,0,0,5.08965230618544e-07,0,0,0,0,2.14516032605842e-13,0,0,0,0,2.1445026713863e-13,0,0
64,0,0,7.48159821103996e-07,0,0,0,0,7.48159821103996e-07,0,0,0,0,0,0,0,0,0,1.66410036713247e-10,0,0,0,0,5.01299791590344e-10,0,0,0,0,5.06902627651813e-08,0,0,0,0,5.06902627651813e-08,0,0,0,0,0,0,0,0,0,0,0,0,0,0,0,0,0,0,0,1.11626393089246e-07,0,0,0,0,1.0076578521164e-06,0,0,0,0,1.61225256338623e-07,0,0,0,0,5.73690723092194e-14,0,0,0,0,5.73514843285071e-14,0,0
65,0,0,4.06306572368186e-07,0,0,0,0,4.06306572368186e-07,0,0,0,0,0,0,0,0,0,1.05582650917473e-10,0,0,0,0,2.72243168243656e-10,0,0,0,0,3.20815390027533e-08,0,0,0,0,3.20815390027533e-08,0,0,0,0,0,0,0,0,0,0,0,0,0,0,0,0,0,0,0,7.06402184297954e-08,0,0,0,0,6.02423968984522e-07,0,0,0,0,9.63878350375236e-08,0,0,0,0,3.11556842166501e-14,0,0,0,0,3.11461326316057e-14,0,0
66,0,0,3.22395653484296e-07,0,0,0,0,3.22395653484296e-07,0,0,0,0,0,0,0,0,0,7.28871850512389e-11,0,0,0,0,2.1601918379261e-10,0,0,0,0,2.19923864059058e-08,0,0,0,0,2.19923864059058e-08,0,0,0,0,0,0,0,0,0,0,0,0,0,0,0,0,0,0,0,4.48193009899952e-08,0,0,0,0,4.36268513616415e-07,0,0,0,0,6.98029621786265e-08,0,0,0,0,2.47213750794935e-14,0,0,0,0,2.47137960992071e-14,0,0
67,0,0,1.3845010060751e-07,0,0,0,0,1.3845010060751e-07,0,0,0,0,0,0,0,0,0,4.09216440291664e-11,0,0,0,0,9.27676207976419e-11,0,0,0,0,1.11938913592391e-08,0,0,0,0,1.11938913592391e-08,0,0,0,0,0,0,0,0,0,0,0,0,0,0,0,0,0,0,0,2.84366298106532e-08,0,0,0,0,2.08196587608196e-07,0,0,0,0,3.33114540173114e-08,0,0,0,0,1.06163865111742e-14,0,0,0,0,1.06131317818632e-14,0,0
68,0,0,9.69662145172242e-08,0,0,0,0,9.69662145172242e-08,0,0,0,0,0,0,0,0,0,2.69669418203857e-11,0,0,0,0,6.49716033361169e-11,0,0,0,0,7.77748921448995e-09,0,0,0,0,7.77748921448995e-09,0,0,0,0,0,0,0,0,0,0,0,0,0,0,0,0,0,0,0,1.80422696723593e-08,0,0,0,0,1.45184515127933e-07,0,0,0,0,2.32295224204692e-08,0,0,0,0,7.43539229890916e-15,0,0,0,0,7.43311278607973e-15,0,0
69,0,0,1.82560986784523e-07,0,0,0,0,1.82560986784523e-07,0,0,0,0,0,0,0,0,0,2.14801950631742e-11,0,0,0,0,1.223238431764e-10,0,0,0,0,9.2632890405203e-09,0,0,0,0,9.2632890405203e-09,0,0,0,0,0,0,0,0,0,0,0,0,0,0,0,0,0,0,0,1.14473303305508e-08,0,0,0,0,2.08884304421025e-07,0,0,0,0,3.34214887073641e-08,0,0,0,0,1.39988197123832e-14,0,0,0,0,1.39945280102311e-14,0,0
70,0,0,1.16050708528954e-07,0,0,0,0,1.16050708528954e-07,0,0,0,0,0,0,0,0,0,1.3628600664889e-11,0,0,0,0,7.7759048746604e-11,0,0,0,0,5.85724494828963e-09,0,0,0,0,5.85724494828963e-09,0,0,0,0,0,0,0,0,0,0,0,0,0,0,0,0,0,0,0,7.26302034480195e-09,0,0,0,0,1.32399699255408e-07,0,0,0,0,2.11839518808653e-08,0,0,0,0,8.89879582053663e-15,0,0,0,0,8.89606766330916e-15,0,0
71,0,0,2.61513992307161e-08,0,0,0,0,2.61513992307161e-08,0,0,0,0,0,0,0,0,0,6.88764626408633e-12,0,0,0,0,1.75225808902822e-11,0,0,0,0,2.04585362862077e-09,0,0,0,0,2.04585362862077e-09,0,0,0,0,0,0,0,0,0,0,0,0,0,0,0,0,0,0,0,4.60818924638028e-09,0,0,0,0,3.85358915711945e-08,0,0,0,0,6.16574265139112e-09,0,0,0,0,2.00529548785495e-15,0,0,0,0,2.00468071238547e-15,0,0
72,0,0,1.82009815561563e-08,0,0,0,0,1.82009815561563e-08,0,0,0,0,0,0,0,0,0,4.37002458209408e-12,0,0,0,0,1.21954534358409e-11,0,0,0,0,1.39793883758792e-09,0,0,0,0,1.39793883758792e-09,0,0,0,0,0,0,0,0,0,0,0,0,0,0,0,0,0,0,0,2.92377098263984e-09,0,0,0,0,2.65050999013121e-08,0,0,0,0,4.24081598420994e-09,0,0,0,0,1.39565557724431e-15,0,0,0,0,1.39522770274006e-15,0,0
73,0,0,9.0112833986662e-09,0,0,0,0,9.0112833986662e-09,0,0,0,0,0,0,0,0,0,2.72059650383635e-12,0,0,0,0,6.03795387334087e-12,0,0,0,0,7.47250991694795e-10,0,0,0,0,7.47250991694795e-10,0,0,0,0,0,0,0,0,0,0,0,0,0,0,0,0,0,0,0,1.85505331961823e-09,0,0,0,0,1.37834752467726e-08,0,0,0,0,2.20535603948362e-09,0,0,0,0,6.90987345637062e-16,0,0,0,0,6.90775505500586e-16,0,0
74,0,0,6.41153115470469e-09,0,0,0,0,6.41153115470469e-09,0,0,0,0,0,0,0,0,0,1.7261446282043e-12,0,0,0,0,4.2960062021049e-12,0,0,0,0,4.76143127788112e-10,0,0,0,0,4.76143127788112e-10,0,0,0,0,0,0,0,0,0,0,0,0,0,0,0,0,0,0,0,1.17698097390637e-09,0,0,0,0,9.13711407108208e-09,0,0,0,0,1.46193825137313e-09,0,0,0,0,4.91637727730821e-16,0,0,0,0,4.91487003402805e-16,0,0
75,0,0,3.76406436338842e-09,0,0,0,0,3.76406436338842e-09,0,0,0,0,0,0,0,0,0,1.11615116342455e-12,0,0,0,0,2.52208769793984e-12,0,0,0,0,3.26492028447152e-10,0,0,0,0,3.26492028447152e-10,0,0,0,0,0,0,0,0,0,0,0,0,0,0,0,0,0,0,0,7.46762477545752e-10,0,0,0,0,5.93033252733373e-09,0,0,0,0,9.48853204373397e-10,0,0,0,0,2.88629347030613e-16,0,0,0,0,2.88540860199917e-16,0,0
76,0,0,7.24870202469282e-09,0,0,0,0,7.24870202469282e-09,0,0,0,0,0,0,0,0,0,8.72362019554477e-13,0,0,0,0,4.85694728823711e-12,0,0,0,0,3.80401545143114e-10,0,0,0,0,3.80401545143114e-10,0,0,0,0,0,0,0,0,0,0,0,0,0,0,0,0,0,0,0,4.73800520342679e-10,0,0,0,0,8.44272185315377e-09,0,0,0,0,1.3508354965046e-09,0,0,0,0,5.55832188353754e-16,0,0,0,0,5.55661783544777e-16,0,0
77,0,0,4.79004058685783e-09,0,0,0,0,4.79004058685783e-09,0,0,0,0,0,0,0,0,0,5.64082445435666e-13,0,0,0,0,3.20953662595487e-12,0,0,0,0,2.41452996294572e-10,0,0,0,0,2.41452996294572e-10,0,0,0,0,0,0,0,0,0,0,0,0,0,0,0,0,0,0,0,3.00613568339391e-10,0,0,0,0,5.46074406159748e-09,0,0,0,0,8.73719049855596e-10,0,0,0,0,3.67301446883425e-16,0,0,0,0,3.67188841075046e-16,0,0
78,0,0,1.08806514490072e-09,0,0,0,0,1.08806514490072e-09,0,0,0,0,0,0,0,0,0,2.79723763552606e-13,0,0,0,0,7.29051220059611e-13,0,0,0,0,8.1443248233607e-11,0,0,0,0,8.1443248233607e-11,0,0,0,0,0,0,0,0,0,0,0,0,0,0,0,0,0,0,0,1.90731148636946e-10,0,0,0,0,1.55840747819271e-09,0,0,0,0,2.49345196510834e-10,0,0,0,0,8.34330930560277e-17,0,0,0,0,8.3407514472091e-17,0,0
79,0,0,8.78133413548059e-10,0,0,0,0,8.78133413548059e-10,0,0,0,0,0,0,0,0,0,2.1572092836193e-13,0,0,0,0,5.88387781303975e-13,0,0,0,0,5.80098954356038e-11,0,0,0,0,5.80098954356038e-11,0,0,0,0,0,0,0,0,0,0,0,0,0,0,0,0,0,0,0,1.21013736210662e-10,0,0,0,0,1.1662956245972e-09,0,0,0,0,1.86607299935552e-10,0,0,0,0,6.73354781664727e-17,0,0,0,0,6.73148347249183e-17,0,0
80,0,0,4.52831576477358e-10,0,0,0,0,4.52831576477358e-10,0,0,0,0,0,0,0,0,0,1.12604424083052e-13,0,0,0,0,3.03416955188339e-13,0,0,0,0,3.33612433114425e-11,0,0,0,0,3.33612433114425e-11,0,0,0,0,0,0,0,0,0,0,0,0,0,0,0,0,0,0,0,7.67799305793457e-11,0,0,0,0,6.42339868503823e-10,0,0,0,0,1.02774378960612e-10,0,0,0,0,3.47232325527627e-17,0,0,0,0,3.47125872430196e-17,0,0
81,0,0,3.22882488808329e-10,0,0,0,0,3.22882488808329e-10,0,0,0,0,0,0,0,0,0,7.92221928634015e-14,0,0,0,0,2.16345384745391e-13,0,0,0,0,2.20365268696648e-11,0,0,0,0,2.20365268696648e-11,0,0,0,0,0,0,0,0,0,0,0,0,0,0,0,0,0,0,0,4.87147816798816e-11,0,0,0,0,4.36957471699869e-10,0,0,0,0,6.9913195471979e-11,0,0,0,0,2.47587057274637e-17,0,0,0,0,2.47511153024966e-17,0,0
82,0,0,1.88444250735142e-10,0,0,0,0,1.88444250735142e-10,0,0,0,0,0,0,0,0,0,4.70811567012333e-14,0,0,0,0,1.26265887254582e-13,0,0,0,0,1.3697229807348e-11,0,0,0,0,1.3697229807348e-11,0,0,0,0,0,0,0,0,0,0,0,0,0,0,0,0,0,0,0,3.09082065614281e-11,0,0,0,0,2.65188969049851e-10,0,0,0,0,4.24302350479762e-11,0,0,0,0,1.44499497857668e-17,0,0,0,0,1.44455197779613e-17,0,0
83,0,0,2.90352888798994e-10,0,0,0,0,2.90352888798994e-10,0,0,0,0,0,0,0,0,0,3.61067224284609e-14,0,0,0,0,1.9454913046227e-13,0,0,0,0,1.56599693805663e-11,0,0,0,0,1.56599693805663e-11,0,0,0,0,0,0,0,0,0,0,0,0,0,0,0,0,0,0,0,1.96104180271516e-11,0,0,0,0,3.43217420403895e-10,0,0,0,0,5.49147872646231e-11,0,0,0,0,2.22643282930116e-17,0,0,0,0,2.22575025843009e-17,0,0
84,0,0,1.90727557157497e-10,0,0,0,0,1.90727557157497e-10,0,0,0,0,0,0,0,0,0,2.29087352255528e-14,0,0,0,0,1.27795802389525e-13,0,0,0,0,9.92207601702424e-12,0,0,0,0,9.92207601702424e-12,0,0,0,0,0,0,0,0,0,0,0,0,0,0,0,0,0,0,0,1.24422778926149e-11,0,0,0,0,2.2112201654614e-10,0,0,0,0,3.53795226473824e-11,0,0,0,0,1.46250342631114e-17,0,0,0,0,1.46205505786071e-17,0,0
85,0,0,5.0365433632086e-11,0,0,0,0,5.0365433632086e-11,0,0,0,0,0,0,0,0,0,1.17992246717478e-14,0,0,0,0,3.37470426383836e-14,0,0,0,0,3.65267210035672e-12,0,0,0,0,3.65267210035672e-12,0,0,0,0,0,0,0,0,0,0,0,0,0,0,0,0,0,0,0,7.89428756402395e-12,0,0,0,0,7.07418166249174e-11,0,0,0,0,1.13186906599868e-11,0,0,0,0,3.86203338166525e-18,0,0,0,0,3.86084937491923e-18,0,0
86,0,0,2.79764639873497e-11,0,0,0,0,2.79764639873497e-11,0,0,0,0,0,0,0,0,0,7.48628775174601e-15,0,0,0,0,1.87454540737008e-14,0,0,0,0,2.18536627041885e-12,0,0,0,0,2.18536627041885e-12,0,0,0,0,0,0,0,0,0,0,0,0,0,0,0,0,0,0,0,5.00871116055792e-12,0,0,0,0,4.11829741495346e-11,0,0,0,0,6.58927586392554e-12,0,0,0,0,2.14524188572195e-18,0,0,0,0,2.1445842060456e-18,0,0
87,0,0,1.70420080354221e-11,0,0,0,0,1.70420080354221e-11,0,0,0,0,0,0,0,0,0,4.66065302414232e-15,0,0,0,0,1.14188905036783e-14,0,0,0,0,1.30334416950569e-12,0,0,0,0,1.30334416950569e-12,0,0,0,0,0,0,0,0,0,0,0,0,0,0,0,0,0,0,0,3.17789126459307e-12,0,0,0,0,2.47641332814524e-11,0,0,0,0,3.96226132503239e-12,0,0,0,0,1.30678521313233e-18,0,0,0,0,1.30638458414882e-18,0,0
88,0,0,1.28744204304246e-11,0,0,0,0,1.28744204304246e-11,0,0,0,0,0,0,0,0,0,2.95705782544493e-15,0,0,0,0,8.62642459079768e-15,0,0,0,0,9.25449610401265e-13,0,0,0,0,9.25449610401265e-13,0,0,0,0,0,0,0,0,0,0,0,0,0,0,0,0,0,0,0,2.01628574015276e-12,0,0,0,0,1.79808415077282e-11,0,0,0,0,2.87693464123651e-12,0,0,0,0,9.87213608346996e-19,0,0,0,0,9.86910952347804e-19,0,0
89,0,0,6.51105002541368e-12,0,0,0,0,6.51105002541368e-12,0,0,0,0,0,0,0,0,0,1.87617291777138e-15,0,0,0,0,4.36268819669812e-15,0,0,0,0,5.52811598379994e-13,0,0,0,0,5.52811598379994e-13,0,0,0,0,0,0,0,0,0,0,0,0,0,0,0,0,0,0,0,1.27927856791033e-12,0,0,0,0,1.01091560750536e-11,0,0,0,0,1.61746497200857e-12,0,0,0,0,4.99268858311197e-19,0,0,0,0,4.99115794461692e-19,0,0
90,0,0,1.22652343603535e-11,0,0,0,0,1.22652343603535e-11,0,0,0,0,0,0,0,0,0,1.49444310424213e-15,0,0,0,0,8.21824328868531e-15,0,0,0,0,6.49750358596302e-13,0,0,0,0,6.49750358596302e-13,0,0,0,0,0,0,0,0,0,0,0,0,0,0,0,0,0,0,0,8.11667523964494e-13,0,0,0,0,1.43610298620336e-11,0,0,0,0,2.29776477792538e-12,0,0,0,0,9.40501076187613e-19,0,0,0,0,9.4021274112968e-19,0,0
91,0,0,8.39608226633939e-12,0,0,0,0,8.39608226633939e-12,0,0,0,0,0,0,0,0,0,9.66329461747877e-16,0,0,0,0,5.62574221652336e-15,0,0,0,0,4.12741251169457e-13,0,0,0,0,4.12741251169457e-13,0,0,0,0,0,0,0,0,0,0,0,0,0,0,0,0,0,0,0,5.14981010378992e-13,0,0,0,0,9.4460478519522e-12,0,0,0,0,1.51136765631235e-12,0,0,0,0,6.43813577079041e-19,0,0,0,0,6.43616199287834e-19,0,0
92,0,0,1.67643059533038e-12,0,0,0,0,1.67643059533038e-12,0,0,0,0,0,0,0,0,0,4.7919469229912e-16,0,0,0,0,1.12328179668175e-15,0,0,0,0,1.30720750876281e-13,0,0,0,0,1.30720750876281e-13,0,0,0,0,0,0,0,0,0,0,0,0,0,0,0,0,0,0,0,3.2674147137932e-13,0,0,0,0,2.46457280688975e-12,0,0,0,0,3.94331649102361e-13,0,0,0,0,1.28549095169236e-19,0,0,0,0,1.28509685101836e-19,0,0
93,0,0,1.3528458303729e-12,0,0,0,0,1.3528458303729e-12,0,0,0,0,0,0,0,0,0,3.11201225473694e-16,0,0,0,0,9.06465856211129e-16,0,0,0,0,9.23757762931312e-14,0,0,0,0,9.23757762931312e-14,0,0,0,0,0,0,0,0,0,0,0,0,0,0,0,0,0,0,0,2.07308593846119e-13,0,0,0,0,1.83101154964276e-12,0,0,0,0,2.92961847942842e-13,0,0,0,0,1.03736538740297e-19,0,0,0,0,1.03704735607197e-19,0,0
94,0,0,7.58760080994558e-13,0,0,0,0,7.58760080994558e-13,0,0,0,0,0,0,0,0,0,1.96594280909473e-16,0,0,0,0,5.08402429187349e-16,0,0,0,0,5.83126766776958e-14,0,0,0,0,5.83126766776958e-14,0,0,0,0,0,0,0,0,0,0,0,0,0,0,0,0,0,0,0,1.31531675183536e-13,0,0,0,0,1.1049445980007e-12,0,0,0,0,1.76791135680112e-13,0,0,0,0,5.81819027486578e-20,0,0,0,0,5.81640655736408e-20,0,0
95,0,0,4.63119289775427e-13,0,0,0,0,4.63119289775427e-13,0,0,0,0,0,0,0,0,0,1.22391465601376e-16,0,0,0,0,3.10310172903041e-16,0,0,0,0,3.41944114150188e-14,0,0,0,0,3.41944114150188e-14,0,0,0,0,0,0,0,0,0,0,0,0,0,0,0,0,0,0,0,8.34532773370169e-14,0,0,0,0,6.57398856066452e-13,0,0,0,0,1.05183816970632e-13,0,0,0,0,3.55120968454515e-20,0,0,0,0,3.5501209688849e-20,0,0
96,0,0,3.41040030858227e-13,0,0,0,0,3.41040030858227e-13,0,0,0,0,0,0,0,0,0,7.9140168495802e-17,0,0,0,0,2.28511731812753e-16,0,0,0,0,2.38849351630718e-14,0,0,0,0,2.38849351630718e-14,0,0,0,0,0,0,0,0,0,0,0,0,0,0,0,0,0,0,0,5.29488390425426e-14,0,0,0,0,4.68905866188965e-13,0,0,0,0,7.50249385902343e-14,0,0,0,0,2.61510303530781e-20,0,0,0,0,2.61430130747965e-20,0,0
97,0,0,5.46402994415451e-13,0,0,0,0,5.46402994415451e-13,0,0,0,0,0,0,0,0,0,6.30381549359531e-17,0,0,0,0,3.66113896387295e-16,0,0,0,0,2.70717383105791e-14,0,0,0,0,2.70717383105791e-14,0,0,0,0,0,0,0,0,0,0,0,0,0,0,0,0,0,0,0,3.35946010200552e-14,0,0,0,0,6.17624743522068e-13,0,0,0,0,9.88199589635309e-14,0,0,0,0,4.18983110458116e-20,0,0,0,0,4.18854660292044e-20,0,0
98,0,0,3.23795757493977e-13,0,0,0,0,3.23795757493977e-13,0,0,0,0,0,0,0,0,0,3.92449471862848e-17,0,0,0,0,2.16957314695205e-16,0,0,0,0,1.70424704231861e-14,0,0,0,0,1.70424704231861e-14,0,0,0,0,0,0,0,0,0,0,0,0,0,0,0,0,0,0,0,2.14534340362818e-14,0,0,0,0,3.7761385028823e-13,0,0,0,0,6.04182160461168e-14,0,0,0,0,2.48287353866178e-20,0,0,0,0,2.48211234922379e-20,0,0
99,0,0,6.89052338432959e-14,0,0,0,0,6.89052338432959e-14,0,0,0,0,0,0,0,0,0,2.02132481135555e-17,0,0,0,0,4.6169519387124e-17,0,0,0,0,5.79361670548521e-15,0,0,0,0,5.79361670548521e-15,0,0,0,0,0,0,0,0,0,0,0,0,0,0,0,0,0,0,0,1.352370156943e-14,0,0,0,0,1.06414819421089e-13,0,0,0,0,1.70263711073742e-14,0,0,0,0,5.28366965363973e-21,0,0,0,0,5.282049807332e-21,0,0
100,0,0,4.22256184698089e-14,0,0,0,0,4.22256184698089e-14,0,0,0,0,0,0,0,0,0,1.23476290204622e-17,0,0,0,0,2.82930105862317e-17,0,0,0,0,3.34276879742419e-15,0,0,0,0,3.34276879742419e-15,0,0,0,0,0,0,0,0,0,0,0,0,0,0,0,0,0,0,0,8.58042153056953e-15,0,0,0,0,6.26874467724828e-14,0,0,0,0,1.00299914835972e-14,0,0,0,0,3.23787042683124e-21,0,0,0,0,3.23687777346726e-21,0,0
101,0,0,2.8280042999528e-14,0,0,0,0,2.8280042999528e-14,0,0,0,0,0,0,0,0,0,7.98416324538275e-18,0,0,0,0,1.89488652851069e-17,0,0,0,0,2.35883298091281e-15,0,0,0,0,2.35883298091281e-15,0,0,0,0,0,0,0,0,0,0,0,0,0,0,0,0,0,0,0,5.44404453649627e-15,0,0,0,0,4.34429283776718e-14,0,0,0,0,6.95086854042748e-15,0,0,0,0,2.16852039628874e-21,0,0,0,0,2.16785557997973e-21,0,0
102,0,0,1.81489044481148e-14,0,0,0,0,1.81489044481148e-14,0,0,0,0,0,0,0,0,0,5.16268043227418e-18,0,0,0,0,1.21605594965094e-17,0,0,0,0,1.51799755179174e-15,0,0,0,0,1.51799755179174e-15,0,0,0,0,0,0,0,0,0,0,0,0,0,0,0,0,0,0,0,3.45409847403939e-15,0,0,0,0,2.79153952058453e-14,0,0,0,0,4.46646323293525e-15,0,0,0,0,1.39166229226346e-21,0,0,0,0,1.39123564200455e-21,0,0
103,0,0,8.49153222462264e-16,0,0,0,0,8.49153222462264e-16,0,0,0,0,0,0,0,0,0,1.43929497884657e-18,0,0,0,0,5.68969786188814e-19,0,0,0,0,5.25290420538439e-16,0,0,0,0,5.25290420538439e-16,0,0,0,0,0,0,0,0,0,0,0,0,0,0,0,0,0,0,0,2.19153171660858e-15,0,0,0,0,6.74737567512415e-15,0,0,0,0,1.07958010801986e-15,0,0,0,0,6.51132702490752e-23,0,0,0,0,6.50933080831353e-23,0,0
104,0,0,0,0,0,0,0,0,0,0,0,0,0,0,0,0,0,0,0,0,0,0,0,0,0,0,0,0,0,0,0,0,0,0,0,0,0,0,0,0,0,0,0,0,0,0,0,0,0,0,0,0,0,0,0,0,0,0,0,0,0,0,0,0,0,0,0,0,0,0,0,0,0,0,0
105,0,0,0,0,0,0,0,0,0,0,0,0,0,0,0,0,0,0,0,0,0,0,0,0,0,0,0,0,0,0,0,0,0,0,0,0,0,0,0,0,0,0,0,0,0,0,0,0,0,0,0,0,0,0,0,0,0,0,0,0,0,0,0,0,0,0,0,0,0,0,0,0,0,0,0
106,0,0,0,0,0,0,0,0,0,0,0,0,0,0,0,0,0,0,0,0,0,0,0,0,0,0,0,0,0,0,0,0,0,0,0,0,0,0,0,0,0,0,0,0,0,0,0,0,0,0,0,0,0,0,0,0,0,0,0,0,0,0,0,0,0,0,0,0,0,0,0,0,0,0,0
107,0,0,0,0,0,0,0,0,0,0,0,0,0,0,0,0,0,0,0,0,0,0,0,0,0,0,0,0,0,0,0,0,0,0,0,0,0,0,0,0,0,0,0,0,0,0,0,0,0,0,0,0,0,0,0,0,0,0,0,0,0,0,0,0,0,0,0,0,0,0,0,0,0,0,0
108,0,0,0,0,0,0,0,0,0,0,0,0,0,0,0,0,0,0,0,0,0,0,0,0,0,0,0,0,0,0,0,0,0,0,0,0,0,0,0,0,0,0,0,0,0,0,0,0,0,0,0,0,0,0,0,0,0,0,0,0,0,0,0,0,0,0,0,0,0,0,0,0,0,0,0
109,0,0,0,0,0,0,0,0,0,0,0,0,0,0,0,0,0,0,0,0,0,0,0,0,0,0,0,0,0,0,0,0,0,0,0,0,0,0,0,0,0,0,0,0,0,0,0,0,0,0,0,0,0,0,0,0,0,0,0,0,0,0,0,0,0,0,0,0,0,0,0,0,0,0,0
110,0,0,0,0,0,0,0,0,0,0,0,0,0,0,0,0,0,0,0,0,0,0,0,0,0,0,0,0,0,0,0,0,0,0,0,0,0,0,0,0,0,0,0,0,0,0,0,0,0,0,0,0,0,0,0,0,0,0,0,0,0,0,0,0,0,0,0,0,0,0,0,0,0,0,0
111,0,0,0,0,0,0,0,0,0,0,0,0,0,0,0,0,0,0,0,0,0,0,0,0,0,0,0,0,0,0,0,0,0,0,0,0,0,0,0,0,0,0,0,0,0,0,0,0,0,0,0,0,0,0,0,0,0,0,0,0,0,0,0,0,0,0,0,0,0,0,0,0,0,0,0
112,0,0,0,0,0,0,0,0,0,0,0,0,0,0,0,0,0,0,0,0,0,0,0,0,0,0,0,0,0,0,0,0,0,0,0,0,0,0,0,0,0,0,0,0,0,0,0,0,0,0,0,0,0,0,0,0,0,0,0,0,0,0,0,0,0,0,0,0,0,0,0,0,0,0,0
113,0,0,0,0,0,0,0,0,0,0,0,0,0,0,0,0,0,0,0,0,0,0,0,0,0,0,0,0,0,0,0,0,0,0,0,0,0,0,0,0,0,0,0,0,0,0,0,0,0,0,0,0,0,0,0,0,0,0,0,0,0,0,0,0,0,0,0,0,0,0,0,0,0,0,0
114,0,0,0,0,0,0,0,0,0,0,0,0,0,0,0,0,0,0,0,0,0,0,0,0,0,0,0,0,0,0,0,0,0,0,0,0,0,0,0,0,0,0,0,0,0,0,0,0,0,0,0,0,0,0,0,0,0,0,0,0,0,0,0,0,0,0,0,0,0,0,0,0,0,0,0
115,0,0,0,0,0,0,0,0,0,0,0,0,0,0,0,0,0,0,0,0,0,0,0,0,0,0,0,0,0,0,0,0,0,0,0,0,0,0,0,0,0,0,0,0,0,0,0,0,0,0,0,0,0,0,0,0,0,0,0,0,0,0,0,0,0,0,0,0,0,0,0,0,0,0,0
116,0,0,0,0,0,0,0,0,0,0,0,0,0,0,0,0,0,0,0,0,0,0,0,0,0,0,0,0,0,0,0,0,0,0,0,0,0,0,0,0,0,0,0,0,0,0,0,0,0,0,0,0,0,0,0,0,0,0,0,0,0,0,0,0,0,0,0,0,0,0,0,0,0,0,0
117,0,0,0,0,0,0,0,0,0,0,0,0,0,0,0,0,0,0,0,0,0,0,0,0,0,0,0,0,0,0,0,0,0,0,0,0,0,0,0,0,0,0,0,0,0,0,0,0,0,0,0,0,0,0,0,0,0,0,0,0,0,0,0,0,0,0,0,0,0,0,0,0,0,0,0
118,0,0,0,0,0,0,0,0,0,0,0,0,0,0,0,0,0,0,0,0,0,0,0,0,0,0,0,0,0,0,0,0,0,0,0,0,0,0,0,0,0,0,0,0,0,0,0,0,0,0,0,0,0,0,0,0,0,0,0,0,0,0,0,0,0,0,0,0,0,0,0,0,0,0,0
119,0,0,0,0,0,0,0,0,0,0,0,0,0,0,0,0,0,0,0,0,0,0,0,0,0,0,0,0,0,0,0,0,0,0,0,0,0,0,0,0,0,0,0,0,0,0,0,0,0,0,0,0,0,0,0,0,0,0,0,0,0,0,0,0,0,0,0,0,0,0,0,0,0,0,0
120,0,0,0,0,0,0,0,0,0,0,0,0,0,0,0,0,0,0,0,0,0,0,0,0,0,0,0,0,0,0,0,0,0,0,0,0,0,0,0,0,0,0,0,0,0,0,0,0,0,0,0,0,0,0,0,0,0,0,0,0,0,0,0,0,0,0,0,0,0,0,0,0,0,0,0
121,0,0,0,0,0,0,0,0,0,0,0,0,0,0,0,0,0,0,0,0,0,0,0,0,0,0,0,0,0,0,0,0,0,0,0,0,0,0,0,0,0,0,0,0,0,0,0,0,0,0,0,0,0,0,0,0,0,0,0,0,0,0,0,0,0,0,0,0,0,0,0,0,0,0,0
122,0,0,0,0,0,0,0,0,0,0,0,0,0,0,0,0,0,0,0,0,0,0,0,0,0,0,0,0,0,0,0,0,0,0,0,0,0,0,0,0,0,0,0,0,0,0,0,0,0,0,0,0,0,0,0,0,0,0,0,0,0,0,0,0,0,0,0,0,0,0,0,0,0,0,0
123,0,0,0,0,0,0,0,0,0,0,0,0,0,0,0,0,0,0,0,0,0,0,0,0,0,0,0,0,0,0,0,0,0,0,0,0,0,0,0,0,0,0,0,0,0,0,0,0,0,0,0,0,0,0,0,0,0,0,0,0,0,0,0,0,0,0,0,0,0,0,0,0,0,0,0
124,0,0,0,0,0,0,0,0,0,0,0,0,0,0,0,0,0,0,0,0,0,0,0,0,0,0,0,0,0,0,0,0,0,0,0,0,0,0,0,0,0,0,0,0,0,0,0,0,0,0,0,0,0,0,0,0,0,0,0,0,0,0,0,0,0,0,0,0,0,0,0,0,0,0,0
125,0,0,0,0,0,0,0,0,0,0,0,0,0,0,0,0,0,0,0,0,0,0,0,0,0,0,0,0,0,0,0,0,0,0,0,0,0,0,0,0,0,0,0,0,0,0,0,0,0,0,0,0,0,0,0,0,0,0,0,0,0,0,0,0,0,0,0,0,0,0,0,0,0,0,0
126,0,0,0,0,0,0,0,0,0,0,0,0,0,0,0,0,0,0,0,0,0,0,0,0,0,0,0,0,0,0,0,0,0,0,0,0,0,0,0,0,0,0,0,0,0,0,0,0,0,0,0,0,0,0,0,0,0,0,0,0,0,0,0,0,0,0,0,0,0,0,0,0,0,0,0
127,0,0,0,0,0,0,0,0,0,0,0,0,0,0,0,0,0,0,0,0,0,0,0,0,0,0,0,0,0,0,0,0,0,0,0,0,0,0,0,0,0,0,0,0,0,0,0,0,0,0,0,0,0,0,0,0,0,0,0,0,0,0,0,0,0,0,0,0,0,0,0,0,0,0,0
128,0,0,0,0,0,0,0,0,0,0,0,0,0,0,0,0,0,0,0,0,0,0,0,0,0,0,0,0,0,0,0,0,0,0,0,0,0,0,0,0,0,0,0,0,0,0,0,0,0,0,0,0,0,0,0,0,0,0,0,0,0,0,0,0,0,0,0,0,0,0,0,0,0,0,0
129,0,0,0,0,0,0,0,0,0,0,0,0,0,0,0,0,0,0,0,0,0,0,0,0,0,0,0,0,0,0,0,0,0,0,0,0,0,0,0,0,0,0,0,0,0,0,0,0,0,0,0,0,0,0,0,0,0,0,0,0,0,0,0,0,0,0,0,0,0,0,0,0,0,0,0
130,0,0,0,0,0,0,0,0,0,0,0,0,0,0,0,0,0,0,0,0,0,0,0,0,0,0,0,0,0,0,0,0,0,0,0,0,0,0,0,0,0,0,0,0,0,0,0,0,0,0,0,0,0,0,0,0,0,0,0,0,0,0,0,0,0,0,0,0,0,0,0,0,0,0,0
131,0,0,0,0,0,0,0,0,0,0,0,0,0,0,0,0,0,0,0,0,0,0,0,0,0,0,0,0,0,0,0,0,0,0,0,0,0,0,0,0,0,0,0,0,0,0,0,0,0,0,0,0,0,0,0,0,0,0,0,0,0,0,0,0,0,0,0,0,0,0,0,0,0,0,0
132,0,0,0,0,0,0,0,0,0,0,0,0,0,0,0,0,0,0,0,0,0,0,0,0,0,0,0,0,0,0,0,0,0,0,0,0,0,0,0,0,0,0,0,0,0,0,0,0,0,0,0,0,0,0,0,0,0,0,0,0,0,0,0,0,0,0,0,0,0,0,0,0,0,0,0
133,0,0,0,0,0,0,0,0,0,0,0,0,0,0,0,0,0,0,0,0,0,0,0,0,0,0,0,0,0,0,0,0,0,0,0,0,0,0,0,0,0,0,0,0,0,0,0,0,0,0,0,0,0,0,0,0,0,0,0,0,0,0,0,0,0,0,0,0,0,0,0,0,0,0,0
134,0,0,0,0,0,0,0,0,0,0,0,0,0,0,0,0,0,0,0,0,0,0,0,0,0,0,0,0,0,0,0,0,0,0,0,0,0,0,0,0,0,0,0,0,0,0,0,0,0,0,0,0,0,0,0,0,0,0,0,0,0,0,0,0,0,0,0,0,0,0,0,0,0,0,0
135,0,0,0,0,0,0,0,0,0,0,0,0,0,0,0,0,0,0,0,0,0,0,0,0,0,0,0,0,0,0,0,0,0,0,0,0,0,0,0,0,0,0,0,0,0,0,0,0,0,0,0,0,0,0,0,0,0,0,0,0,0,0,0,0,0,0,0,0,0,0,0,0,0,0,0
136,0,0,0,0,0,0,0,0,0,0,0,0,0,0,0,0,0,0,0,0,0,0,0,0,0,0,0,0,0,0,0,0,0,0,0,0,0,0,0,0,0,0,0,0,0,0,0,0,0,0,0,0,0,0,0,0,0,0,0,0,0,0,0,0,0,0,0,0,0,0,0,0,0,0,0
137,0,0,0,0,0,0,0,0,0,0,0,0,0,0,0,0,0,0,0,0,0,0,0,0,0,0,0,0,0,0,0,0,0,0,0,0,0,0,0,0,0,0,0,0,0,0,0,0,0,0,0,0,0,0,0,0,0,0,0,0,0,0,0,0,0,0,0,0,0,0,0,0,0,0,0
138,0,0,0,0,0,0,0,0,0,0,0,0,0,0,0,0,0,0,0,0,0,0,0,0,0,0,0,0,0,0,0,0,0,0,0,0,0,0,0,0,0,0,0,0,0,0,0,0,0,0,0,0,0,0,0,0,0,0,0,0,0,0,0,0,0,0,0,0,0,0,0,0,0,0,0
139,0,0,0,0,0,0,0,0,0,0,0,0,0,0,0,0,0,0,0,0,0,0,0,0,0,0,0,0,0,0,0,0,0,0,0,0,0,0,0,0,0,0,0,0,0,0,0,0,0,0,0,0,0,0,0,0,0,0,0,0,0,0,0,0,0,0,0,0,0,0,0,0,0,0,0
140,0,0,0,0,0,0,0,0,0,0,0,0,0,0,0,0,0,0,0,0,0,0,0,0,0,0,0,0,0,0,0,0,0,0,0,0,0,0,0,0,0,0,0,0,0,0,0,0,0,0,0,0,0,0,0,0,0,0,0,0,0,0,0,0,0,0,0,0,0,0,0,0,0,0,0
141,0,0,0,0,0,0,0,0,0,0,0,0,0,0,0,0,0,0,0,0,0,0,0,0,0,0,0,0,0,0,0,0,0,0,0,0,0,0,0,0,0,0,0,0,0,0,0,0,0,0,0,0,0,0,0,0,0,0,0,0,0,0,0,0,0,0,0,0,0,0,0,0,0,0,0
142,0,0,0,0,0,0,0,0,0,0,0,0,0,0,0,0,0,0,0,0,0,0,0,0,0,0,0,0,0,0,0,0,0,0,0,0,0,0,0,0,0,0,0,0,0,0,0,0,0,0,0,0,0,0,0,0,0,0,0,0,0,0,0,0,0,0,0,0,0,0,0,0,0,0,0
143,0,0,0,0,0,0,0,0,0,0,0,0,0,0,0,0,0,0,0,0,0,0,0,0,0,0,0,0,0,0,0,0,0,0,0,0,0,0,0,0,0,0,0,0,0,0,0,0,0,0,0,0,0,0,0,0,0,0,0,0,0,0,0,0,0,0,0,0,0,0,0,0,0,0,0
144,0,0,0,0,0,0,0,0,0,0,0,0,0,0,0,0,0,0,0,0,0,0,0,0,0,0,0,0,0,0,0,0,0,0,0,0,0,0,0,0,0,0,0,0,0,0,0,0,0,0,0,0,0,0,0,0,0,0,0,0,0,0,0,0,0,0,0,0,0,0,0,0,0,0,0
145,0,0,0,0,0,0,0,0,0,0,0,0,0,0,0,0,0,0,0,0,0,0,0,0,0,0,0,0,0,0,0,0,0,0,0,0,0,0,0,0,0,0,0,0,0,0,0,0,0,0,0,0,0,0,0,0,0,0,0,0,0,0,0,0,0,0,0,0,0,0,0,0,0,0,0
146,0,0,0,0,0,0,0,0,0,0,0,0,0,0,0,0,0,0,0,0,0,0,0,0,0,0,0,0,0,0,0,0,0,0,0,0,0,0,0,0,0,0,0,0,0,0,0,0,0,0,0,0,0,0,0,0,0,0,0,0,0,0,0,0,0,0,0,0,0,0,0,0,0,0,0
147,0,0,0,0,0,0,0,0,0,0,0,0,0,0,0,0,0,0,0,0,0,0,0,0,0,0,0,0,0,0,0,0,0,0,0,0,0,0,0,0,0,0,0,0,0,0,0,0,0,0,0,0,0,0,0,0,0,0,0,0,0,0,0,0,0,0,0,0,0,0,0,0,0,0,0
148,0,0,0,0,0,0,0,0,0,0,0,0,0,0,0,0,0,0,0,0,0,0,0,0,0,0,0,0,0,0,0,0,0,0,0,0,0,0,0,0,0,0,0,0,0,0,0,0,0,0,0,0,0,0,0,0,0,0,0,0,0,0,0,0,0,0,0,0,0,0,0,0,0,0,0
149,0,0,0,0,0,0,0,0,0,0,0,0,0,0,0,0,0,0,0,0,0,0,0,0,0,0,0,0,0,0,0,0,0,0,0,0,0,0,0,0,0,0,0,0,0,0,0,0,0,0,0,0,0,0,0,0,0,0,0,0,0,0,0,0,0,0,0,0,0,0,0,0,0,0,0
150,0,0,0,0,0,0,0,0,0,0,0,0,0,0,0,0,0,0,0,0,0,0,0,0,0,0,0,0,0,0,0,0,0,0,0,0,0,0,0,0,0,0,0,0,0,0,0,0,0,0,0,0,0,0,0,0,0,0,0,0,0,0,0,0,0,0,0,0,0,0,0,0,0,0,0
151,0,0,0,0,0,0,0,0,0,0,0,0,0,0,0,0,0,0,0,0,0,0,0,0,0,0,0,0,0,0,0,0,0,0,0,0,0,0,0,0,0,0,0,0,0,0,0,0,0,0,0,0,0,0,0,0,0,0,0,0,0,0,0,0,0,0,0,0,0,0,0,0,0,0,0
152,0,0,0,0,0,0,0,0,0,0,0,0,0,0,0,0,0,0,0,0,0,0,0,0,0,0,0,0,0,0,0,0,0,0,0,0,0,0,0,0,0,0,0,0,0,0,0,0,0,0,0,0,0,0,0,0,0,0,0,0,0,0,0,0,0,0,0,0,0,0,0,0,0,0,0
153,0,0,0,0,0,0,0,0,0,0,0,0,0,0,0,0,0,0,0,0,0,0,0,0,0,0,0,0,0,0,0,0,0,0,0,0,0,0,0,0,0,0,0,0,0,0,0,0,0,0,0,0,0,0,0,0,0,0,0,0,0,0,0,0,0,0,0,0,0,0,0,0,0,0,0
154,0,0,0,0,0,0,0,0,0,0,0,0,0,0,0,0,0,0,0,0,0,0,0,0,0,0,0,0,0,0,0,0,0,0,0,0,0,0,0,0,0,0,0,0,0,0,0,0,0,0,0,0,0,0,0,0,0,0,0,0,0,0,0,0,0,0,0,0,0,0,0,0,0,0,0
155,0,0,0,0,0,0,0,0,0,0,0,0,0,0,0,0,0,0,0,0,0,0,0,0,0,0,0,0,0,0,0,0,0,0,0,0,0,0,0,0,0,0,0,0,0,0,0,0,0,0,0,0,0,0,0,0,0,0,0,0,0,0,0,0,0,0,0,0,0,0,0,0,0,0,0
156,0,0,0,0,0,0,0,0,0,0,0,0,0,0,0,0,0,0,0,0,0,0,0,0,0,0,0,0,0,0,0,0,0,0,0,0,0,0,0,0,0,0,0,0,0,0,0,0,0,0,0,0,0,0,0,0,0,0,0,0,0,0,0,0,0,0,0,0,0,0,0,0,0,0,0
157,0,0,0,0,0,0,0,0,0,0,0,0,0,0,0,0,0,0,0,0,0,0,0,0,0,0,0,0,0,0,0,0,0,0,0,0,0,0,0,0,0,0,0,0,0,0,0,0,0,0,0,0,0,0,0,0,0,0,0,0,0,0,0,0,0,0,0,0,0,0,0,0,0,0,0
158,0,0,0,0,0,0,0,0,0,0,0,0,0,0,0,0,0,0,0,0,0,0,0,0,0,0,0,0,0,0,0,0,0,0,0,0,0,0,0,0,0,0,0,0,0,0,0,0,0,0,0,0,0,0,0,0,0,0,0,0,0,0,0,0,0,0,0,0,0,0,0,0,0,0,0
159,0,0,0,0,0,0,0,0,0,0,0,0,0,0,0,0,0,0,0,0,0,0,0,0,0,0,0,0,0,0,0,0,0,0,0,0,0,0,0,0,0,0,0,0,0,0,0,0,0,0,0,0,0,0,0,0,0,0,0,0,0,0,0,0,0,0,0,0,0,0,0,0,0,0,0
160,0,0,0,0,0,0,0,0,0,0,0,0,0,0,0,0,0,0,0,0,0,0,0,0,0,0,0,0,0,0,0,0,0,0,0,0,0,0,0,0,0,0,0,0,0,0,0,0,0,0,0,0,0,0,0,0,0,0,0,0,0,0,0,0,0,0,0,0,0,0,0,0,0,0,0
161,0,0,0,0,0,0,0,0,0,0,0,0,0,0,0,0,0,0,0,0,0,0,0,0,0,0,0,0,0,0,0,0,0,0,0,0,0,0,0,0,0,0,0,0,0,0,0,0,0,0,0,0,0,0,0,0,0,0,0,0,0,0,0,0,0,0,0,0,0,0,0,0,0,0,0
162,0,0,0,0,0,0,0,0,0,0,0,0,0,0,0,0,0,0,0,0,0,0,0,0,0,0,0,0,0,0,0,0,0,0,0,0,0,0,0,0,0,0,0,0,0,0,0,0,0,0,0,0,0,0,0,0,0,0,0,0,0,0,0,0,0,0,0,0,0,0,0,0,0,0,0
163,0,0,0,0,0,0,0,0,0,0,0,0,0,0,0,0,0,0,0,0,0,0,0,0,0,0,0,0,0,0,0,0,0,0,0,0,0,0,0,0,0,0,0,0,0,0,0,0,0,0,0,0,0,0,0,0,0,0,0,0,0,0,0,0,0,0,0,0,0,0,0,0,0,0,0
164,0,0,0,0,0,0,0,0,0,0,0,0,0,0,0,0,0,0,0,0,0,0,0,0,0,0,0,0,0,0,0,0,0,0,0,0,0,0,0,0,0,0,0,0,0,0,0,0,0,0,0,0,0,0,0,0,0,0,0,0,0,0,0,0,0,0,0,0,0,0,0,0,0,0,0
165,0,0,0,0,0,0,0,0,0,0,0,0,0,0,0,0,0,0,0,0,0,0,0,0,0,0,0,0,0,0,0,0,0,0,0,0,0,0,0,0,0,0,0,0,0,0,0,0,0,0,0,0,0,0,0,0,0,0,0,0,0,0,0,0,0,0,0,0,0,0,0,0,0,0,0
166,0,0,0,0,0,0,0,0,0,0,0,0,0,0,0,0,0,0,0,0,0,0,0,0,0,0,0,0,0,0,0,0,0,0,0,0,0,0,0,0,0,0,0,0,0,0,0,0,0,0,0,0,0,0,0,0,0,0,0,0,0,0,0,0,0,0,0,0,0,0,0,0,0,0,0
167,0,0,0,0,0,0,0,0,0,0,0,0,0,0,0,0,0,0,0,0,0,0,0,0,0,0,0,0,0,0,0,0,0,0,0,0,0,0,0,0,0,0,0,0,0,0,0,0,0,0,0,0,0,0,0,0,0,0,0,0,0,0,0,0,0,0,0,0,0,0,0,0,0,0,0
168,0,0,0,0,0,0,0,0,0,0,0,0,0,0,0,0,0,0,0,0,0,0,0,0,0,0,0,0,0,0,0,0,0,0,0,0,0,0,0,0,0,0,0,0,0,0,0,0,0,0,0,0,0,0,0,0,0,0,0,0,0,0,0,0,0,0,0,0,0,0,0,0,0,0,0
169,0,0,0,0,0,0,0,0,0,0,0,0,0,0,0,0,0,0,0,0,0,0,0,0,0,0,0,0,0,0,0,0,0,0,0,0,0,0,0,0,0,0,0,0,0,0,0,0,0,0,0,0,0,0,0,0,0,0,0,0,0,0,0,0,0,0,0,0,0,0,0,0,0,0,0
170,0,0,0,0,0,0,0,0,0,0,0,0,0,0,0,0,0,0,0,0,0,0,0,0,0,0,0,0,0,0,0,0,0,0,0,0,0,0,0,0,0,0,0,0,0,0,0,0,0,0,0,0,0,0,0,0,0,0,0,0,0,0,0,0,0,0,0,0,0,0,0,0,0,0,0
171,0,0,0,0,0,0,0,0,0,0,0,0,0,0,0,0,0,0,0,0,0,0,0,0,0,0,0,0,0,0,0,0,0,0,0,0,0,0,0,0,0,0,0,0,0,0,0,0,0,0,0,0,0,0,0,0,0,0,0,0,0,0,0,0,0,0,0,0,0,0,0,0,0,0,0
172,0,0,0,0,0,0,0,0,0,0,0,0,0,0,0,0,0,0,0,0,0,0,0,0,0,0,0,0,0,0,0,0,0,0,0,0,0,0,0,0,0,0,0,0,0,0,0,0,0,0,0,0,0,0,0,0,0,0,0,0,0,0,0,0,0,0,0,0,0,0,0,0,0,0,0
173,0,0,0,0,0,0,0,0,0,0,0,0,0,0,0,0,0,0,0,0,0,0,0,0,0,0,0,0,0,0,0,0,0,0,0,0,0,0,0,0,0,0,0,0,0,0,0,0,0,0,0,0,0,0,0,0,0,0,0,0,0,0,0,0,0,0,0,0,0,0,0,0,0,0,0
174,0,0,0,0,0,0,0,0,0,0,0,0,0,0,0,0,0,0,0,0,0,0,0,0,0,0,0,0,0,0,0,0,0,0,0,0,0,0,0,0,0,0,0,0,0,0,0,0,0,0,0,0,0,0,0,0,0,0,0,0,0,0,0,0,0,0,0,0,0,0,0,0,0,0,0
175,0,0,0,0,0,0,0,0,0,0,0,0,0,0,0,0,0,0,0,0,0,0,0,0,0,0,0,0,0,0,0,0,0,0,0,0,0,0,0,0,0,0,0,0,0,0,0,0,0,0,0,0,0,0,0,0,0,0,0,0,0,0,0,0,0,0,0,0,0,0,0,0,0,0,0
176,0,0,0,0,0,0,0,0,0,0,0,0,0,0,0,0,0,0,0,0,0,0,0,0,0,0,0,0,0,0,0,0,0,0,0,0,0,0,0,0,0,0,0,0,0,0,0,0,0,0,0,0,0,0,0,0,0,0,0,0,0,0,0,0,0,0,0,0,0,0,0,0,0,0,0
177,0,0,0,0,0,0,0,0,0,0,0,0,0,0,0,0,0,0,0,0,0,0,0,0,0,0,0,0,0,0,0,0,0,0,0,0,0,0,0,0,0,0,0,0,0,0,0,0,0,0,0,0,0,0,0,0,0,0,0,0,0,0,0,0,0,0,0,0,0,0,0,0,0,0,0
178,0,0,0,0,0,0,0,0,0,0,0,0,0,0,0,0,0,0,0,0,0,0,0,0,0,0,0,0,0,0,0,0,0,0,0,0,0,0,0,0,0,0,0,0,0,0,0,0,0,0,0,0,0,0,0,0,0,0,0,0,0,0,0,0,0,0,0,0,0,0,0,0,0,0,0
179,0,0,0,0,0,0,0,0,0,0,0,0,0,0,0,0,0,0,0,0,0,0,0,0,0,0,0,0,0,0,0,0,0,0,0,0,0,0,0,0,0,0,0,0,0,0,0,0,0,0,0,0,0,0,0,0,0,0,0,0,0,0,0,0,0,0,0,0,0,0,0,0,0,0,0
180,0,0,0,0,0,0,0,0,0,0,0,0,0,0,0,0,0,0,0,0,0,0,0,0,0,0,0,0,0,0,0,0,0,0,0,0,0,0,0,0,0,0,0,0,0,0,0,0,0,0,0,0,0,0,0,0,0,0,0,0,0,0,0,0,0,0,0,0,0,0,0,0,0,0,0
181,0,0,0,0,0,0,0,0,0,0,0,0,0,0,0,0,0,0,0,0,0,0,0,0,0,0,0,0,0,0,0,0,0,0,0,0,0,0,0,0,0,0,0,0,0,0,0,0,0,0,0,0,0,0,0,0,0,0,0,0,0,0,0,0,0,0,0,0,0,0,0,0,0,0,0
182,0,0,0,0,0,0,0,0,0,0,0,0,0,0,0,0,0,0,0,0,0,0,0,0,0,0,0,0,0,0,0,0,0,0,0,0,0,0,0,0,0,0,0,0,0,0,0,0,0,0,0,0,0,0,0,0,0,0,0,0,0,0,0,0,0,0,0,0,0,0,0,0,0,0,0
183,0,0,0,0,0,0,0,0,0,0,0,0,0,0,0,0,0,0,0,0,0,0,0,0,0,0,0,0,0,0,0,0,0,0,0,0,0,0,0,0,0,0,0,0,0,0,0,0,0,0,0,0,0,0,0,0,0,0,0,0,0,0,0,0,0,0,0,0,0,0,0,0,0,0,0
184,0,0,0,0,0,0,0,0,0,0,0,0,0,0,0,0,0,0,0,0,0,0,0,0,0,0,0,0,0,0,0,0,0,0,0,0,0,0,0,0,0,0,0,0,0,0,0,0,0,0,0,0,0,0,0,0,0,0,0,0,0,0,0,0,0,0,0,0,0,0,0,0,0,0,0
185,0,0,0,0,0,0,0,0,0,0,0,0,0,0,0,0,0,0,0,0,0,0,0,0,0,0,0,0,0,0,0,0,0,0,0,0,0,0,0,0,0,0,0,0,0,0,0,0,0,0,0,0,0,0,0,0,0,0,0,0,0,0,0,0,0,0,0,0,0,0,0,0,0,0,0
186,0,0,0,0,0,0,0,0,0,0,0,0,0,0,0,0,0,0,0,0,0,0,0,0,0,0,0,0,0,0,0,0,0,0,0,0,0,0,0,0,0,0,0,0,0,0,0,0,0,0,0,0,0,0,0,0,0,0,0,0,0,0,0,0,0,0,0,0,0,0,0,0,0,0,0
187,0,0,0,0,0,0,0,0,0,0,0,0,0,0,0,0,0,0,0,0,0,0,0,0,0,0,0,0,0,0,0,0,0,0,0,0,0,0,0,0,0,0,0,0,0,0,0,0,0,0,0,0,0,0,0,0,0,0,0,0,0,0,0,0,0,0,0,0,0,0,0,0,0,0,0
188,0,0,0,0,0,0,0,0,0,0,0,0,0,0,0,0,0,0,0,0,0,0,0,0,0,0,0,0,0,0,0,0,0,0,0,0,0,0,0,0,0,0,0,0,0,0,0,0,0,0,0,0,0,0,0,0,0,0,0,0,0,0,0,0,0,0,0,0,0,0,0,0,0,0,0
189,0,0,0,0,0,0,0,0,0,0,0,0,0,0,0,0,0,0,0,0,0,0,0,0,0,0,0,0,0,0,0,0,0,0,0,0,0,0,0,0,0,0,0,0,0,0,0,0,0,0,0,0,0,0,0,0,0,0,0,0,0,0,0,0,0,0,0,0,0,0,0,0,0,0,0
190,0,0,0,0,0,0,0,0,0,0,0,0,0,0,0,0,0,0,0,0,0,0,0,0,0,0,0,0,0,0,0,0,0,0,0,0,0,0,0,0,0,0,0,0,0,0,0,0,0,0,0,0,0,0,0,0,0,0,0,0,0,0,0,0,0,0,0,0,0,0,0,0,0,0,0
191,0,0,0,0,0,0,0,0,0,0,0,0,0,0,0,0,0,0,0,0,0,0,0,0,0,0,0,0,0,0,0,0,0,0,0,0,0,0,0,0,0,0,0,0,0,0,0,0,0,0,0,0,0,0,0,0,0,0,0,0,0,0,0,0,0,0,0,0,0,0,0,0,0,0,0
192,0,0,0,0,0,0,0,0,0,0,0,0,0,0,0,0,0,0,0,0,0,0,0,0,0,0,0,0,0,0,0,0,0,0,0,0,0,0,0,0,0,0,0,0,0,0,0,0,0,0,0,0,0,0,0,0,0,0,0,0,0,0,0,0,0,0,0,0,0,0,0,0,0,0,0
193,0,0,0,0,0,0,0,0,0,0,0,0,0,0,0,0,0,0,0,0,0,0,0,0,0,0,0,0,0,0,0,0,0,0,0,0,0,0,0,0,0,0,0,0,0,0,0,0,0,0,0,0,0,0,0,0,0,0,0,0,0,0,0,0,0,0,0,0,0,0,0,0,0,0,0
194,0,0,0,0,0,0,0,0,0,0,0,0,0,0,0,0,0,0,0,0,0,0,0,0,0,0,0,0,0,0,0,0,0,0,0,0,0,0,0,0,0,0,0,0,0,0,0,0,0,0,0,0,0,0,0,0,0,0,0,0,0,0,0,0,0,0,0,0,0,0,0,0,0,0,0
195,0,0,0,0,0,0,0,0,0,0,0,0,0,0,0,0,0,0,0,0,0,0,0,0,0,0,0,0,0,0,0,0,0,0,0,0,0,0,0,0,0,0,0,0,0,0,0,0,0,0,0,0,0,0,0,0,0,0,0,0,0,0,0,0,0,0,0,0,0,0,0,0,0,0,0
196,0,0,0,0,0,0,0,0,0,0,0,0,0,0,0,0,0,0,0,0,0,0,0,0,0,0,0,0,0,0,0,0,0,0,0,0,0,0,0,0,0,0,0,0,0,0,0,0,0,0,0,0,0,0,0,0,0,0,0,0,0,0,0,0,0,0,0,0,0,0,0,0,0,0,0
197,0,0,0,0,0,0,0,0,0,0,0,0,0,0,0,0,0,0,0,0,0,0,0,0,0,0,0,0,0,0,0,0,0,0,0,0,0,0,0,0,0,0,0,0,0,0,0,0,0,0,0,0,0,0,0,0,0,0,0,0,0,0,0,0,0,0,0,0,0,0,0,0,0,0,0
198,0,0,0,0,0,0,0,0,0,0,0,0,0,0,0,0,0,0,0,0,0,0,0,0,0,0,0,0,0,0,0,0,0,0,0,0,0,0,0,0,0,0,0,0,0,0,0,0,0,0,0,0,0,0,0,0,0,0,0,0,0,0,0,0,0,0,0,0,0,0,0,0,0,0,0
199,0,0,0,0,0,0,0,0,0,0,0,0,0,0,0,0,0,0,0,0,0,0,0,0,0,0,0,0,0,0,0,0,0,0,0,0,0,0,0,0,0,0,0,0,0,0,0,0,0,0,0,0,0,0,0,0,0,0,0,0,0,0,0,0,0,0,0,0,0,0,0,0,0,0,0
200,0,0,0,0,0,0,0,0,0,0,0,0,0,0,0,0,0,0,0,0,0,0,0,0,0,0,0,0,0,0,0,0,0,0,0,0,0,0,0,0,0,0,0,0,0,0,0,0,0,0,0,0,0,0,0,0,0,0,0,0,0,0,0,0,0,0,0,0,0,0,0,0,0,0,0
201,0,0,0,0,0,0,0,0,0,0,0,0,0,0,0,0,0,0,0,0,0,0,0,0,0,0,0,0,0,0,0,0,0,0,0,0,0,0,0,0,0,0,0,0,0,0,0,0,0,0,0,0,0,0,0,0,0,0,0,0,0,0,0,0,0,0,0,0,0,0,0,0,0,0,0
202,0,0,0,0,0,0,0,0,0,0,0,0,0,0,0,0,0,0,0,0,0,0,0,0,0,0,0,0,0,0,0,0,0,0,0,0,0,0,0,0,0,0,0,0,0,0,0,0,0,0,0,0,0,0,0,0,0,0,0,0,0,0,0,0,0,0,0,0,0,0,0,0,0,0,0
203,0,0,0,0,0,0,0,0,0,0,0,0,0,0,0,0,0,0,0,0,0,0,0,0,0,0,0,0,0,0,0,0,0,0,0,0,0,0,0,0,0,0,0,0,0,0,0,0,0,0,0,0,0,0,0,0,0,0,0,0,0,0,0,0,0,0,0,0,0,0,0,0,0,0,0
204,0,0,0,0,0,0,0,0,0,0,0,0,0,0,0,0,0,0,0,0,0,0,0,0,0,0,0,0,0,0,0,0,0,0,0,0,0,0,0,0,0,0,0,0,0,0,0,0,0,0,0,0,0,0,0,0,0,0,0,0,0,0,0,0,0,0,0,0,0,0,0,0,0,0,0
205,0,0,0,0,0,0,0,0,0,0,0,0,0,0,0,0,0,0,0,0,0,0,0,0,0,0,0,0,0,0,0,0,0,0,0,0,0,0,0,0,0,0,0,0,0,0,0,0,0,0,0,0,0,0,0,0,0,0,0,0,0,0,0,0,0,0,0,0,0,0,0,0,0,0,0
206,0,0,0,0,0,0,0,0,0,0,0,0,0,0,0,0,0,0,0,0,0,0,0,0,0,0,0,0,0,0,0,0,0,0,0,0,0,0,0,0,0,0,0,0,0,0,0,0,0,0,0,0,0,0,0,0,0,0,0,0,0,0,0,0,0,0,0,0,0,0,0,0,0,0,0
207,0,0,0,0,0,0,0,0,0,0,0,0,0,0,0,0,0,0,0,0,0,0,0,0,0,0,0,0,0,0,0,0,0,0,0,0,0,0,0,0,0,0,0,0,0,0,0,0,0,0,0,0,0,0,0,0,0,0,0,0,0,0,0,0,0,0,0,0,0,0,0,0,0,0,0
208,0,0,0,0,0,0,0,0,0,0,0,0,0,0,0,0,0,0,0,0,0,0,0,0,0,0,0,0,0,0,0,0,0,0,0,0,0,0,0,0,0,0,0,0,0,0,0,0,0,0,0,0,0,0,0,0,0,0,0,0,0,0,0,0,0,0,0,0,0,0,0,0,0,0,0
209,0,0,0,0,0,0,0,0,0,0,0,0,0,0,0,0,0,0,0,0,0,0,0,0,0,0,0,0,0,0,0,0,0,0,0,0,0,0,0,0,0,0,0,0,0,0,0,0,0,0,0,0,0,0,0,0,0,0,0,0,0,0,0,0,0,0,0,0,0,0,0,0,0,0,0
210,0,0,0,0,0,0,0,0,0,0,0,0,0,0,0,0,0,0,0,0,0,0,0,0,0,0,0,0,0,0,0,0,0,0,0,0,0,0,0,0,0,0,0,0,0,0,0,0,0,0,0,0,0,0,0,0,0,0,0,0,0,0,0,0,0,0,0,0,0,0,0,0,0,0,0
211,0,0,0,0,0,0,0,0,0,0,0,0,0,0,0,0,0,0,0,0,0,0,0,0,0,0,0,0,0,0,0,0,0,0,0,0,0,0,0,0,0,0,0,0,0,0,0,0,0,0,0,0,0,0,0,0,0,0,0,0,0,0,0,0,0,0,0,0,0,0,0,0,0,0,0
212,0,0,0,0,0,0,0,0,0,0,0,0,0,0,0,0,0,0,0,0,0,0,0,0,0,0,0,0,0,0,0,0,0,0,0,0,0,0,0,0,0,0,0,0,0,0,0,0,0,0,0,0,0,0,0,0,0,0,0,0,0,0,0,0,0,0,0,0,0,0,0,0,0,0,0
213,0,0,0,0,0,0,0,0,0,0,0,0,0,0,0,0,0,0,0,0,0,0,0,0,0,0,0,0,0,0,0,0,0,0,0,0,0,0,0,0,0,0,0,0,0,0,0,0,0,0,0,0,0,0,0,0,0,0,0,0,0,0,0,0,0,0,0,0,0,0,0,0,0,0,0
214,0,0,0,0,0,0,0,0,0,0,0,0,0,0,0,0,0,0,0,0,0,0,0,0,0,0,0,0,0,0,0,0,0,0,0,0,0,0,0,0,0,0,0,0,0,0,0,0,0,0,0,0,0,0,0,0,0,0,0,0,0,0,0,0,0,0,0,0,0,0,0,0,0,0,0
215,0,0,0,0,0,0,0,0,0,0,0,0,0,0,0,0,0,0,0,0,0,0,0,0,0,0,0,0,0,0,0,0,0,0,0,0,0,0,0,0,0,0,0,0,0,0,0,0,0,0,0,0,0,0,0,0,0,0,0,0,0,0,0,0,0,0,0,0,0,0,0,0,0,0,0
216,0,0,0,0,0,0,0,0,0,0,0,0,0,0,0,0,0,0,0,0,0,0,0,0,0,0,0,0,0,0,0,0,0,0,0,0,0,0,0,0,0,0,0,0,0,0,0,0,0,0,0,0,0,0,0,0,0,0,0,0,0,0,0,0,0,0,0,0,0,0,0,0,0,0,0
217,0,0,0,0,0,0,0,0,0,0,0,0,0,0,0,0,0,0,0,0,0,0,0,0,0,0,0,0,0,0,0,0,0,0,0,0,0,0,0,0,0,0,0,0,0,0,0,0,0,0,0,0,0,0,0,0,0,0,0,0,0,0,0,0,0,0,0,0,0,0,0,0,0,0,0
218,0,0,0,0,0,0,0,0,0,0,0,0,0,0,0,0,0,0,0,0,0,0,0,0,0,0,0,0,0,0,0,0,0,0,0,0,0,0,0,0,0,0,0,0,0,0,0,0,0,0,0,0,0,0,0,0,0,0,0,0,0,0,0,0,0,0,0,0,0,0,0,0,0,0,0
219,0,0,0,0,0,0,0,0,0,0,0,0,0,0,0,0,0,0,0,0,0,0,0,0,0,0,0,0,0,0,0,0,0,0,0,0,0,0,0,0,0,0,0,0,0,0,0,0,0,0,0,0,0,0,0,0,0,0,0,0,0,0,0,0,0,0,0,0,0,0,0,0,0,0,0
220,0,0,0,0,0,0,0,0,0,0,0,0,0,0,0,0,0,0,0,0,0,0,0,0,0,0,0,0,0,0,0,0,0,0,0,0,0,0,0,0,0,0,0,0,0,0,0,0,0,0,0,0,0,0,0,0,0,0,0,0,0,0,0,0,0,0,0,0,0,0,0,0,0,0,0
221,0,0,0,0,0,0,0,0,0,0,0,0,0,0,0,0,0,0,0,0,0,0,0,0,0,0,0,0,0,0,0,0,0,0,0,0,0,0,0,0,0,0,0,0,0,0,0,0,0,0,0,0,0,0,0,0,0,0,0,0,0,0,0,0,0,0,0,0,0,0,0,0,0,0,0
222,0,0,0,0,0,0,0,0,0,0,0,0,0,0,0,0,0,0,0,0,0,0,0,0,0,0,0,0,0,0,0,0,0,0,0,0,0,0,0,0,0,0,0,0,0,0,0,0,0,0,0,0,0,0,0,0,0,0,0,0,0,0,0,0,0,0,0,0,0,0,0,0,0,0,0
223,0,0,0,0,0,0,0,0,0,0,0,0,0,0,0,0,0,0,0,0,0,0,0,0,0,0,0,0,0,0,0,0,0,0,0,0,0,0,0,0,0,0,0,0,0,0,0,0,0,0,0,0,0,0,0,0,0,0,0,0,0,0,0,0,0,0,0,0,0,0,0,0,0,0,0
224,0,0,0,0,0,0,0,0,0,0,0,0,0,0,0,0,0,0,0,0,0,0,0,0,0,0,0,0,0,0,0,0,0,0,0,0,0,0,0,0,0,0,0,0,0,0,0,0,0,0,0,0,0,0,0,0,0,0,0,0,0,0,0,0,0,0,0,0,0,0,0,0,0,0,0
225,0,0,0,0,0,0,0,0,0,0,0,0,0,0,0,0,0,0,0,0,0,0,0,0,0,0,0,0,0,0,0,0,0,0,0,0,0,0,0,0,0,0,0,0,0,0,0,0,0,0,0,0,0,0,0,0,0,0,0,0,0,0,0,0,0,0,0,0,0,0,0,0,0,0,0
226,0,0,0,0,0,0,0,0,0,0,0,0,0,0,0,0,0,0,0,0,0,0,0,0,0,0,0,0,0,0,0,0,0,0,0,0,0,0,0,0,0,0,0,0,0,0,0,0,0,0,0,0,0,0,0,0,0,0,0,0,0,0,0,0,0,0,0,0,0,0,0,0,0,0,0
227,0,0,0,0,0,0,0,0,0,0,0,0,0,0,0,0,0,0,0,0,0,0,0,0,0,0,0,0,0,0,0,0,0,0,0,0,0,0,0,0,0,0,0,0,0,0,0,0,0,0,0,0,0,0,0,0,0,0,0,0,0,0,0,0,0,0,0,0,0,0,0,0,0,0,0
228,0,0,0,0,0,0,0,0,0,0,0,0,0,0,0,0,0,0,0,0,0,0,0,0,0,0,0,0,0,0,0,0,0,0,0,0,0,0,0,0,0,0,0,0,0,0,0,0,0,0,0,0,0,0,0,0,0,0,0,0,0,0,0,0,0,0,0,0,0,0,0,0,0,0,0
229,0,0,0,0,0,0,0,0,0,0,0,0,0,0,0,0,0,0,0,0,0,0,0,0,0,0,0,0,0,0,0,0,0,0,0,0,0,0,0,0,0,0,0,0,0,0,0,0,0,0,0,0,0,0,0,0,0,0,0,0,0,0,0,0,0,0,0,0,0,0,0,0,0,0,0
230,0,0,0,0,0,0,0,0,0,0,0,0,0,0,0,0,0,0,0,0,0,0,0,0,0,0,0,0,0,0,0,0,0,0,0,0,0,0,0,0,0,0,0,0,0,0,0,0,0,0,0,0,0,0,0,0,0,0,0,0,0,0,0,0,0,0,0,0,0,0,0,0,0,0,0
231,0,0,0,0,0,0,0,0,0,0,0,0,0,0,0,0,0,0,0,0,0,0,0,0,0,0,0,0,0,0,0,0,0,0,0,0,0,0,0,0,0,0,0,0,0,0,0,0,0,0,0,0,0,0,0,0,0,0,0,0,0,0,0,0,0,0,0,0,0,0,0,0,0,0,0
232,0,0,0,0,0,0,0,0,0,0,0,0,0,0,0,0,0,0,0,0,0,0,0,0,0,0,0,0,0,0,0,0,0,0,0,0,0,0,0,0,0,0,0,0,0,0,0,0,0,0,0,0,0,0,0,0,0,0,0,0,0,0,0,0,0,0,0,0,0,0,0,0,0,0,0
233,0,0,0,0,0,0,0,0,0,0,0,0,0,0,0,0,0,0,0,0,0,0,0,0,0,0,0,0,0,0,0,0,0,0,0,0,0,0,0,0,0,0,0,0,0,0,0,0,0,0,0,0,0,0,0,0,0,0,0,0,0,0,0,0,0,0,0,0,0,0,0,0,0,0,0
234,0,0,0,0,0,0,0,0,0,0,0,0,0,0,0,0,0,0,0,0,0,0,0,0,0,0,0,0,0,0,0,0,0,0,0,0,0,0,0,0,0,0,0,0,0,0,0,0,0,0,0,0,0,0,0,0,0,0,0,0,0,0,0,0,0,0,0,0,0,0,0,0,0,0,0
235,0,0,0,0,0,0,0,0,0,0,0,0,0,0,0,0,0,0,0,0,0,0,0,0,0,0,0,0,0,0,0,0,0,0,0,0,0,0,0,0,0,0,0,0,0,0,0,0,0,0,0,0,0,0,0,0,0,0,0,0,0,0,0,0,0,0,0,0,0,0,0,0,0,0,0
236,0,0,0,0,0,0,0,0,0,0,0,0,0,0,0,0,0,0,0,0,0,0,0,0,0,0,0,0,0,0,0,0,0,0,0,0,0,0,0,0,0,0,0,0,0,0,0,0,0,0,0,0,0,0,0,0,0,0,0,0,0,0,0,0,0,0,0,0,0,0,0,0,0,0,0
237,0,0,0,0,0,0,0,0,0,0,0,0,0,0,0,0,0,0,0,0,0,0,0,0,0,0,0,0,0,0,0,0,0,0,0,0,0,0,0,0,0,0,0,0,0,0,0,0,0,0,0,0,0,0,0,0,0,0,0,0,0,0,0,0,0,0,0,0,0,0,0,0,0,0,0
238,0,0,0,0,0,0,0,0,0,0,0,0,0,0,0,0,0,0,0,0,0,0,0,0,0,0,0,0,0,0,0,0,0,0,0,0,0,0,0,0,0,0,0,0,0,0,0,0,0,0,0,0,0,0,0,0,0,0,0,0,0,0,0,0,0,0,0,0,0,0,0,0,0,0,0
239,0,0,0,0,0,0,0,0,0,0,0,0,0,0,0,0,0,0,0,0,0,0,0,0,0,0,0,0,0,0,0,0,0,0,0,0,0,0,0,0,0,0,0,0,0,0,0,0,0,0,0,0,0,0,0,0,0,0,0,0,0,0,0,0,0,0,0,0,0,0,0,0,0,0,0
240,0,0,0,0,0,0,0,0,0,0,0,0,0,0,0,0,0,0,0,0,0,0,0,0,0,0,0,0,0,0,0,0,0,0,0,0,0,0,0,0,0,0,0,0,0,0,0,0,0,0,0,0,0,0,0,0,0,0,0,0,0,0,0,0,0,0,0,0,0,0,0,0,0,0,0
241,0,0,0,0,0,0,0,0,0,0,0,0,0,0,0,0,0,0,0,0,0,0,0,0,0,0,0,0,0,0,0,0,0,0,0,0,0,0,0,0,0,0,0,0,0,0,0,0,0,0,0,0,0,0,0,0,0,0,0,0,0,0,0,0,0,0,0,0,0,0,0,0,0,0,0
242,0,0,0,0,0,0,0,0,0,0,0,0,0,0,0,0,0,0,0,0,0,0,0,0,0,0,0,0,0,0,0,0,0,0,0,0,0,0,0,0,0,0,0,0,0,0,0,0,0,0,0,0,0,0,0,0,0,0,0,0,0,0,0,0,0,0,0,0,0,0,0,0,0,0,0
243,0,0,0,0,0,0,0,0,0,0,0,0,0,0,0,0,0,0,0,0,0,0,0,0,0,0,0,0,0,0,0,0,0,0,0,0,0,0,0,0,0,0,0,0,0,0,0,0,0,0,0,0,0,0,0,0,0,0,0,0,0,0,0,0,0,0,0,0,0,0,0,0,0,0,0
244,0,0,0,0,0,0,0,0,0,0,0,0,0,0,0,0,0,0,0,0,0,0,0,0,0,0,0,0,0,0,0,0,0,0,0,0,0,0,0,0,0,0,0,0,0,0,0,0,0,0,0,0,0,0,0,0,0,0,0,0,0,0,0,0,0,0,0,0,0,0,0,0,0,0,0
245,0,0,0,0,0,0,0,0,0,0,0,0,0,0,0,0,0,0,0,0,0,0,0,0,0,0,0,0,0,0,0,0,0,0,0,0,0,0,0,0,0,0,0,0,0,0,0,0,0,0,0,0,0,0,0,0,0,0,0,0,0,0,0,0,0,0,0,0,0,0,0,0,0,0,0
246,0,0,0,0,0,0,0,0,0,0,0,0,0,0,0,0,0,0,0,0,0,0,0,0,0,0,0,0,0,0,0,0,0,0,0,0,0,0,0,0,0,0,0,0,0,0,0,0,0,0,0,0,0,0,0,0,0,0,0,0,0,0,0,0,0,0,0,0,0,0,0,0,0,0,0
247,0,0,0,0,0,0,0,0,0,0,0,0,0,0,0,0,0,0,0,0,0,0,0,0,0,0,0,0,0,0,0,0,0,0,0,0,0,0,0,0,0,0,0,0,0,0,0,0,0,0,0,0,0,0,0,0,0,0,0,0,0,0,0,0,0,0,0,0,0,0,0,0,0,0,0
248,0,0,0,0,0,0,0,0,0,0,0,0,0,0,0,0,0,0,0,0,0,0,0,0,0,0,0,0,0,0,0,0,0,0,0,0,0,0,0,0,0,0,0,0,0,0,0,0,0,0,0,0,0,0,0,0,0,0,0,0,0,0,0,0,0,0,0,0,0,0,0,0,0,0,0
249,0,0,0,0,0,0,0,0,0,0,0,0,0,0,0,0,0,0,0,0,0,0,0,0,0,0,0,0,0,0,0,0,0,0,0,0,0,0,0,0,0,0,0,0,0,0,0,0,0,0,0,0,0,0,0,0,0,0,0,0,0,0,0,0,0,0,0,0,0,0,0,0,0,0,0
250,0,0,0,0,0,0,0,0,0,0,0,0,0,0,0,0,0,0,0,0,0,0,0,0,0,0,0,0,0,0,0,0,0,0,0,0,0,0,0,0,0,0,0,0,0,0,0,0,0,0,0,0,0,0,0,0,0,0,0,0,0,0,0,0,0,0,0,0,0,0,0,0,0,0,0
251,0,0,0,0,0,0,0,0,0,0,0,0,0,0,0,0,0,0,0,0,0,0,0,0,0,0,0,0,0,0,0,0,0,0,0,0,0,0,0,0,0,0,0,0,0,0,0,0,0,0,0,0,0,0,0,0,0,0,0,0,0,0,0,0,0,0,0,0,0,0,0,0,0,0,0
252,0,0,0,0,0,0,0,0,0,0,0,0,0,0,0,0,0,0,0,0,0,0,0,0,0,0,0,0,0,0,0,0,0,0,0,0,0,0,0,0,0,0,0,0,0,0,0,0,0,0,0,0,0,0,0,0,0,0,0,0,0,0,0,0,0,0,0,0,0,0,0,0,0,0,0
253,0,0,0,0,0,0,0,0,0,0,0,0,0,0,0,0,0,0,0,0,0,0,0,0,0,0,0,0,0,0,0,0,0,0,0,0,0,0,0,0,0,0,0,0,0,0,0,0,0,0,0,0,0,0,0,0,0,0,0,0,0,0,0,0,0,0,0,0,0,0,0,0,0,0,0
254,0,0,0,0,0,0,0,0,0,0,0,0,0,0,0,0,0,0,0,0,0,0,0,0,0,0,0,0,0,0,0,0,0,0,0,0,0,0,0,0,0,0,0,0,0,0,0,0,0,0,0,0,0,0,0,0,0,0,0,0,0,0,0,0,0,0,0,0,0,0,0,0,0,0,0
255,0,0,0,0,0,0,0,0,0,0,0,0,0,0,0,0,0,0,0,0,0,0,0,0,0,0,0,0,0,0,0,0,0,0,0,0,0,0,0,0,0,0,0,0,0,0,0,0,0,0,0,0,0,0,0,0,0,0,0,0,0,0,0,0,0,0,0,0,0,0,0,0,0,0,0
256,0,0,0,0,0,0,0,0,0,0,0,0,0,0,0,0,0,0,0,0,0,0,0,0,0,0,0,0,0,0,0,0,0,0,0,0,0,0,0,0,0,0,0,0,0,0,0,0,0,0,0,0,0,0,0,0,0,0,0,0,0,0,0,0,0,0,0,0,0,0,0,0,0,0,0
257,0,0,0,0,0,0,0,0,0,0,0,0,0,0,0,0,0,0,0,0,0,0,0,0,0,0,0,0,0,0,0,0,0,0,0,0,0,0,0,0,0,0,0,0,0,0,0,0,0,0,0,0,0,0,0,0,0,0,0,0,0,0,0,0,0,0,0,0,0,0,0,0,0,0,0
258,0,0,26.283621274807,0,0,0,0,26.283621274807,0,0,0,0,0,0,0,0,0,0.00348683511615392,0,0,0,0,0.0176111754409073,0,0,0,0,32.4090160183117,0,0,0,0,32.4090160183117,0,0,0,0,0,0,0,0,0,0,0,0,0,0,0,0,0,0,0,361.849896732695,0,0,0,0,855.191775518239,0,0,0,0,136.830684082918,0,0,0,0,2.01543430551712e-06,0,0,0,0,2.01481642172947e-06,0,0
259,0,0,21.8939120043915,0,0,0,0,21.8939120043915,0,0,0,0,0,0,0,0,0,0.00265992834930219,0,0,0,0,0.0146698783004723,0,0,0,0,1.13455849209699,0,0,0,0,1.13455849209699,0,0,0,0,0,0,0,0,0,0,0,0,0,0,0,0,0,0,0,1.43298832504529,0,0,0,0,25.347001399673,0,0,0,0,4.05552022394768,0,0,0,0,1.6788303588105e-06,0,0,0,0,1.67831566971442e-06,0,0
260,0,0,4.45672857313231,0,0,0,0,4.45672857313231,0,0,0,0,0,0,0,0,0,0.00131903811878208,0,0,0,0,0.0029862030035096,0,0,0,0,0.381372219278907,0,0,0,0,0.381372219278907,0,0,0,0,0,0,0,0,0,0,0,0,0,0,0,0,0,0,0,0.899393221049582,0,0,0,0,6.95852676550036,0,0,0,0,1.11336428248006,0,0,0,0,3.41743002714726e-07,0,0,0,0,3.41638232511926e-07,0,0
261,0,0,2.80516809693716,0,0,0,0,2.80516809693716,0,0,0,0,0,0,0,0,0,0.000836893879677409,0,0,0,0,0.00187958527403333,0,0,0,0,0.231931857115303,0,0,0,0,0.231931857115303,0,0,0,0,0,0,0,0,0,0,0,0,0,0,0,0,0,0,0,0.570640581017649,0,0,0,0,4.28282229245987,0,0,0,0,0.685251566793579,0,0,0,0,2.15100954172108e-07,0,0,0,0,2.15035009381982e-07,0,0
262,0,0,1.83282483677912,0,0,0,0,1.83282483677912,0,0,0,0,0,0,0,0,0,0.000530986448282635,0,0,0,0,0.0012280727764065,0,0,0,0,0.142444542109645,0,0,0,0,0.142444542109645,0,0,0,0,0,0,0,0,0,0,0,0,0,0,0,0,0,0,0,0.362055958011423,0,0,0,0,2.68946650243686,0,0,0,0,0.430314640389898,0,0,0,0,1.40541442650792e-07,0,0,0,0,1.4049835601747e-07,0,0
263,0,0,1.33236995888493,0,0,0,0,1.33236995888493,0,0,0,0,0,0,0,0,0,0.00034334384983133,0,0,0,0,0.000892746127057002,0,0,0,0,0.106440385260273,0,0,0,0,0.106440385260273,0,0,0,0,0,0,0,0,0,0,0,0,0,0,0,0,0,0,0,0.229714676964964,0,0,0,0,1.9885672513858,0,0,0,0,0.318170760221728,0,0,0,0,1.02166444064197e-07,0,0,0,0,1.02135122284442e-07,0,0
264,0,0,0.894845622809122,0,0,0,0,0.894845622809122,0,0,0,0,0,0,0,0,0,0.000213751675743942,0,0,0,0,0.000599585692209191,0,0,0,0,0.0656105246113479,0,0,0,0,0.0656105246113479,0,0,0,0,0,0,0,0,0,0,0,0,0,0,0,0,0,0,0,0.145747726685534,0,0,0,0,1.26521268311187,0,0,0,0,0.202434029297898,0,0,0,0,6.86169743314632e-08,0,0,0,0,6.85959380139406e-08,0,0
265,0,0,1.40576140034215,0,0,0,0,1.40576140034215,0,0,0,0,0,0,0,0,0,0.000170261341484015,0,0,0,0,0.000941921601693861,0,0,0,0,0.0736908156856576,0,0,0,0,0.0736908156856576,0,0,0,0,0,0,0,0,0,0,0,0,0,0,0,0,0,0,0,0.0924729761052271,0,0,0,0,1.6367310565221,0,0,0,0,0.261876969043536,0,0,0,0,1.07794117180383e-07,0,0,0,0,1.07761070091114e-07,0,0
266,0,0,0.93097670994095,0,0,0,0,0.93097670994095,0,0,0,0,0,0,0,0,0,0.00010802619924677,0,0,0,0,0.000623795100330562,0,0,0,0,0.0468955732561952,0,0,0,0,0.0468955732561952,0,0,0,0,0,0,0,0,0,0,0,0,0,0,0,0,0,0,0,0.0586715930616751,0,0,0,0,1.06144603063831,0,0,0,0,0.169831364902129,0,0,0,0,7.13875146516021e-08,0,0,0,0,7.13656289529103e-08,0,0
267,0,0,0.204565560045688,0,0,0,0,0.204565560045688,0,0,0,0,0,0,0,0,0,5.5639273962444e-05,0,0,0,0,0.000137067869357302,0,0,0,0,0.0151990132720159,0,0,0,0,0.0151990132720159,0,0,0,0,0,0,0,0,0,0,0,0,0,0,0,0,0,0,0,0.0372255330949625,0,0,0,0,0.291762173831699,0,0,0,0,0.0466819478130719,0,0,0,0,1.5686135602577e-08,0,0,0,0,1.56813266098685e-08,0,0
268,0,0,0.141221371610631,0,0,0,0,0.141221371610631,0,0,0,0,0,0,0,0,0,4.06255651960735e-05,0,0,0,0,9.46244935367511e-05,0,0,0,0,0.0101258870190951,0,0,0,0,0.0101258870190951,0,0,0,0,0,0,0,0,0,0,0,0,0,0,0,0,0,0,0,0.0236185902221449,0,0,0,0,0.197018182187094,0,0,0,0,0.031522909149935,0,0,0,0,1.08288882281628e-08,0,0,0,0,1.08255683509254e-08,0,0
269,0,0,0.0801283472514155,0,0,0,0,0.0801283472514155,0,0,0,0,0,0,0,0,0,2.20246140311657e-05,0,0,0,0,5.36894960736334e-05,0,0,0,0,0.00643602126014738,0,0,0,0,0.00643602126014738,0,0,0,0,0,0,0,0,0,0,0,0,0,0,0,0,0,0,0,0.0149853543442495,0,0,0,0,0.120134229391069,0,0,0,0,0.0192214767025711,0,0,0,0,6.14426064834844e-09,0,0,0,0,6.14237696549592e-09,0,0
270,0,0,0.0600248712973515,0,0,0,0,0.0600248712973515,0,0,0,0,0,0,0,0,0,1.42108675131344e-05,0,0,0,0,4.02192882092994e-05,0,0,0,0,0.0043855112989226,0,0,0,0,0.0043855112989226,0,0,0,0,0,0,0,0,0,0,0,0,0,0,0,0,0,0,0,0.00950780053807648,0,0,0,0,0.0847145550086719,0,0,0,0,0.0135543288013875,0,0,0,0,4.60272135000241e-09,0,0,0,0,4.60131026610181e-09,0,0
271,0,0,0.0360215747930543,0,0,0,0,0.0360215747930543,0,0,0,0,0,0,0,0,0,9.01640966800104e-06,0,0,0,0,2.41360300662337e-05,0,0,0,0,0.00262452483182387,0,0,0,0,0.00262452483182387,0,0,0,0,0,0,0,0,0,0,0,0,0,0,0,0,0,0,0,0.00603244134207191,0,0,0,0,0.0507474223763965,0,0,0,0,0.00811958758022344,0,0,0,0,2.76214288806005e-09,0,0,0,0,2.761296081342e-09,0,0
272,0,0,0.061340009860283,0,0,0,0,0.061340009860283,0,0,0,0,0,0,0,0,0,6.91471968816936e-06,0,0,0,0,4.11004885476672e-05,0,0,0,0,0.0030859678486527,0,0,0,0,0.0030859678486527,0,0,0,0,0,0,0,0,0,0,0,0,0,0,0,0,0,0,0,0.00382742027452128,0,0,0,0,0.0698730267523696,0,0,0,0,0.0111796842803791,0,0,0,0,4.70356648654306e-09,0,0,0,0,4.70212448594388e-09,0,0
273,0,0,0.0398570215926915,0,0,0,0,0.0398570215926915,0,0,0,0,0,0,0,0,0,4.55672903567206e-06,0,0,0,0,2.67059471174819e-05,0,0,0,0,0.0019738734232393,0,0,0,0,0.0019738734232393,0,0,0,0,0,0,0,0,0,0,0,0,0,0,0,0,0,0,0,0.00243944545603197,0,0,0,0,0.0450135622212243,0,0,0,0,0.00720216995539588,0,0,0,0,3.05624585721157e-09,0,0,0,0,3.05530888558165e-09,0,0
274,0,0,0.00997471446624256,0,0,0,0,0.00997471446624256,0,0,0,0,0,0,0,0,0,2.30288776454189e-06,0,0,0,0,6.68349481227424e-06,0,0,0,0,0.000726352824746364,0,0,0,0,0.000726352824746364,0,0,0,0,0,0,0,0,0,0,0,0,0,0,0,0,0,0,0,0.00154075023967428,0,0,0,0,0.0140499402436775,0,0,0,0,0.0022479904389884,0,0,0,0,7.6486346812006e-10,0,0,0,0,7.64628979337458e-10,0,0
275,0,0,0.00656475898156714,0,0,0,0,0.00656475898156714,0,0,0,0,0,0,0,0,0,1.71204853232531e-06,0,0,0,0,4.39867554561313e-06,0,0,0,0,0.000448382385530837,0,0,0,0,0.000448382385530837,0,0,0,0,0,0,0,0,0,0,0,0,0,0,0,0,0,0,0,0.000977564201772649,0,0,0,0,0.00889114830979454,0,0,0,0,0.00142258372956713,0,0,0,0,5.03387273791828e-10,0,0,0,0,5.03232947334978e-10,0,0
276,0,0,0.00336396886568357,0,0,0,0,0.00336396886568357,0,0,0,0,0,0,0,0,0,9.27040831857608e-07,0,0,0,0,2.2540062212846e-06,0,0,0,0,0.000255899208961359,0,0,0,0,0.000255899208961359,0,0,0,0,0,0,0,0,0,0,0,0,0,0,0,0,0,0,0,0.000620237949006857,0,0,0,0,0.0048685262941275,0,0,0,0,0.0007789642070604,0,0,0,0,2.5794992949045e-10,0,0,0,0,2.57870848232867e-10,0,0
277,0,0,0.00230716492370328,0,0,0,0,0.00230716492370328,0,0,0,0,0,0,0,0,0,6.15352741653718e-07,0,0,0,0,1.54590137400099e-06,0,0,0,0,0.000167095867136538,0,0,0,0,0.000167095867136538,0,0,0,0,0,0,0,0,0,0,0,0,0,0,0,0,0,0,0,0.000393524141627376,0,0,0,0,0.00323611710700803,0,0,0,0,0.000517778737121285,0,0,0,0,1.76913952879634e-10,0,0,0,0,1.76859715307616e-10,0,0
278,0,0,0.0011407288959101,0,0,0,0,0.0011407288959101,0,0,0,0,0,0,0,0,0,3.59301784830457e-07,0,0,0,0,7.6433823582906e-07,0,0,0,0,0.000104286999630039,0,0,0,0,0.000104286999630039,0,0,0,0,0,0,0,0,0,0,0,0,0,0,0,0,0,0,0,0.000249680385232041,0,0,0,0,0.00186122802641024,0,0,0,0,0.000297796484225638,0,0,0,0,8.74713619586176e-11,0,0,0,0,8.74445453383538e-11,0,0
279,0,0,0.00245311480069896,0,0,0,0,0.00245311480069896,0,0,0,0,0,0,0,0,0,2.91674651115311e-07,0,0,0,0,1.64369417288801e-06,0,0,0,0,0.000127652571549891,0,0,0,0,0.000127652571549891,0,0,0,0,0,0,0,0,0,0,0,0,0,0,0,0,0,0,0,0.00015841542659065,0,0,0,0,0.00284541345447692,0,0,0,0,0.000455266152716307,0,0,0,0,1.88105424020829e-10,0,0,0,0,1.88047755412354e-10,0,0
280,0,0,0.00164878924763444,0,0,0,0,0.00164878924763444,0,0,0,0,0,0,0,0,0,1.85059648314664e-07,0,0,0,0,1.10476088517543e-06,0,0,0,0,8.15109373691502e-05,0,0,0,0,8.15109373691502e-05,0,0,0,0,0,0,0,0,0,0,0,0,0,0,0,0,0,0,0,0.000101490440270247,0,0,0,0,0.00186064388636186,0,0,0,0,0.000297703021817898,0,0,0,0,1.26429550080123e-10,0,0,0,0,1.26390789814377e-10,0,0
281,0,0,0.000441761835837475,0,0,0,0,0.000441761835837475,0,0,0,0,0,0,0,0,0,1.19662361075867e-07,0,0,0,0,2.95999744962395e-07,0,0,0,0,3.01828878282465e-05,0,0,0,0,3.01828878282465e-05,0,0,0,0,0,0,0,0,0,0,0,0,0,0,0,0,0,0,0,6.37710491613508e-05,0,0,0,0,0.000598241016733456,0,0,0,0,9.57185626773529e-05,0,0,0,0,3.38744022182538e-11,0,0,0,0,3.38640171395194e-11,0,0
282,0,0,0.000240711783107431,0,0,0,0,0.000240711783107431,0,0,0,0,0,0,0,0,0,7.3391769082803e-08,0,0,0,0,1.61287419213497e-07,0,0,0,0,1.74022070490732e-05,0,0,0,0,1.74022070490732e-05,0,0,0,0,0,0,0,0,0,0,0,0,0,0,0,0,0,0,0,4.0460999560058e-05,0,0,0,0,0.000337555270511712,0,0,0,0,5.40088432818739e-05,0,0,0,0,1.84578365494073e-11,0,0,0,0,1.84521778197093e-11,0,0
283,0,0,0.000158460165831082,0,0,0,0,0.000158460165831082,0,0,0,0,0,0,0,0,0,3.76493420990961e-08,0,0,0,0,1.06175239388391e-07,0,0,0,0,1.14564310076863e-05,0,0,0,0,1.14564310076863e-05,0,0,0,0,0,0,0,0,0,0,0,0,0,0,0,0,0,0,0,2.56714058640766e-05,0,0,0,0,0.000222068948403793,0,0,0,0,3.55310317446069e-05,0,0,0,0,1.21507630525786e-11,0,0,0,0,1.2147037920245e-11,0,0
284,0,0,7.58293139951477e-05,0,0,0,0,7.58293139951477e-05,0,0,0,0,0,0,0,0,0,2.38874855305225e-08,0,0,0,0,5.08089558272635e-08,0,0,0,0,6.55547819841281e-06,0,0,0,0,6.55547819841281e-06,0,0,0,0,0,0,0,0,0,0,0,0,0,0,0,0,0,0,0,1.6414878027838e-05,0,0,0,0,0.000119155067299468,0,0,0,0,1.90648107679149e-05,0,0,0,0,5.81460975988636e-12,0,0,0,0,5.81282714008462e-12,0,0
285,0,0,5.75496295741851e-05,0,0,0,0,5.75496295741851e-05,0,0,0,0,0,0,0,0,0,1.74522834899982e-08,0,0,0,0,3.85607680309129e-08,0,0,0,0,4.29409652553926e-06,0,0,0,0,4.29409652553926e-06,0,0,0,0,0,0,0,0,0,0,0,0,0,0,0,0,0,0,0,1.03341733859626e-05,0,0,0,0,8.22991891176401e-05,0,0,0,0,1.31678702588224e-05,0,0,0,0,4.41291922832526e-12,0,0,0,0,4.41156633319992e-12,0,0
286,0,0,0.000107907003427897,0,0,0,0,0.000107907003427897,0,0,0,0,0,0,0,0,0,1.23033334596043e-08,0,0,0,0,7.23024102653918e-08,0,0,0,0,5.33029972391874e-06,0,0,0,0,5.33029972391874e-06,0,0,0,0,0,0,0,0,0,0,0,0,0,0,0,0,0,0,0,6.55675248128756e-06,0,0,0,0,0.000121774654935645,0,0,0,0,1.94839447897032e-05,0,0,0,0,8.27433458427555e-12,0,0,0,0,8.27179787187604e-12,0,0
287,0,0,6.49418972993794e-05,0,0,0,0,6.49418972993794e-05,0,0,0,0,0,0,0,0,0,7.6595463862797e-09,0,0,0,0,4.35139106155436e-08,0,0,0,0,3.30375669663809e-06,0,0,0,0,3.30375669663809e-06,0,0,0,0,0,0,0,0,0,0,0,0,0,0,0,0,0,0,0,4.1736041681315e-06,0,0,0,0,7.43794072505906e-05,0,0,0,0,1.19007051600945e-05,0,0,0,0,4.97976006860187e-12,0,0,0,0,4.97823339367908e-12,0,0
288,0,0,1.52900140537901e-05,0,0,0,0,1.52900140537901e-05,0,0,0,0,0,0,0,0,0,3.87099507493604e-09,0,0,0,0,1.02449779343509e-08,0,0,0,0,1.16617350156699e-06,0,0,0,0,1.16617350156699e-06,0,0,0,0,0,0,0,0,0,0,0,0,0,0,0,0,0,0,0,2.63945875614412e-06,0,0,0,0,2.21591074203162e-05,0,0,0,0,3.54545718725059e-06,0,0,0,0,1.17244189960174e-12,0,0,0,0,1.17208245705392e-12,0,0
289,0,0,8.73210085607993e-06,0,0,0,0,8.73210085607993e-06,0,0,0,0,0,0,0,0,0,2.50304382721122e-09,0,0,0,0,5.85088936323708e-09,0,0,0,0,7.57767207115419e-07,0,0,0,0,7.57767207115419e-07,0,0,0,0,0,0,0,0,0,0,0,0,0,0,0,0,0,0,0,1.67466492986386e-06,0,0,0,0,1.37662639225485e-05,0,0,0,0,2.20260222760777e-06,0,0,0,0,6.69579562137716e-13,0,0,0,0,6.69374285113874e-13,0,0
290,0,0,4.46522552855417e-06,0,0,0,0,4.46522552855417e-06,0,0,0,0,0,0,0,0,0,1.558291528419e-09,0,0,0,0,2.99189633515075e-09,0,0,0,0,4.04843595990811e-07,0,0,0,0,4.04843595990811e-07,0,0,0,0,0,0,0,0,0,0,0,0,0,0,0,0,0,0,0,1.06252943744153e-06,0,0,0,0,7.24831215511873e-06,0,0,0,0,1.159729944819e-06,0,0,0,0,3.42394551269266e-13,0,0,0,0,3.42289581317316e-13,0,0
291,0,0,3.27103587476776e-06,0,0,0,0,3.27103587476776e-06,0,0,0,0,0,0,0,0,0,9.88693673304276e-10,0,0,0,0,2.19173705410423e-09,0,0,0,0,2.68543604771814e-07,0,0,0,0,2.68543604771814e-07,0,0,0,0,0,0,0,0,0,0,0,0,0,0,0,0,0,0,0,6.74146084567256e-07,0,0,0,0,4.96872553635606e-06,0,0,0,0,7.94996085816969e-07,0,0,0,0,2.50823805732703e-13,0,0,0,0,2.50746909173637e-13,0,0
292,0,0,2.41696069202347e-06,0,0,0,0,2.41696069202347e-06,0,0,0,0,0,0,0,0,0,6.39304248148118e-10,0,0,0,0,1.61946933932583e-09,0,0,0,0,1.81345123455659e-07,0,0,0,0,1.81345123455659e-07,0,0,0,0,0,0,0,0,0,0,0,0,0,0,0,0,0,0,0,4.27727390246889e-07,0,0,0,0,3.46687709298122e-06,0,0,0,0,5.54700334876996e-07,0,0,0,0,1.85333118403269e-13,0,0,0,0,1.85276299717161e-13,0,0
293,0,0,4.14028153606394e-06,0,0,0,0,4.14028153606394e-06,0,0,0,0,0,0,0,0,0,4.99667754063983e-10,0,0,0,0,2.7741696528043e-09,0,0,0,0,2.16977684959321e-07,0,0,0,0,2.16977684959321e-07,0,0,0,0,0,0,0,0,0,0,0,0,0,0,0,0,0,0,0,2.71381417997633e-07,0,0,0,0,4.82174893526197e-06,0,0,0,0,7.71479829641915e-07,0,0,0,0,3.17477768951137e-13,0,0,0,0,3.17380437886643e-13,0,0
294,0,0,2.68437697453819e-06,0,0,0,0,2.68437697453819e-06,0,0,0,0,0,0,0,0,0,3.17025625942043e-10,0,0,0,0,1.79864994073086e-09,0,0,0,0,1.38999438052766e-07,0,0,0,0,1.38999438052766e-07,0,0,0,0,0,0,0,0,0,0,0,0,0,0,0,0,0,0,0,1.7218414278285e-07,0,0,0,0,3.10456595638377e-06,0,0,0,0,4.96730553021404e-07,0,0,0,0,2.05838662293091e-13,0,0,0,0,2.0577555709936e-13,0,0
295,0,0,5.4169244818436e-07,0,0,0,0,5.4169244818436e-07,0,0,0,0,0,0,0,0,0,1.60218970518726e-10,0,0,0,0,3.62957624455399e-10,0,0,0,0,4.1346296399631e-08,0,0,0,0,4.1346296399631e-08,0,0,0,0,0,0,0,0,0,0,0,0,0,0,0,0,0,0,0,1.09246164474398e-07,0,0,0,0,7.85681088418611e-07,0,0,0,0,1.25708974146978e-07,0,0,0,0,4.15371052449593e-14,0,0,0,0,4.15243709653817e-14,0,0
296,0,0,4.28479317452845e-07,0,0,0,0,4.28479317452845e-07,0,0,0,0,0,0,0,0,0,1.03600003977184e-10,0,0,0,0,2.87099876899199e-10,0,0,0,0,3.08872754700539e-08,0,0,0,0,3.08872754700539e-08,0,0,0,0,0,0,0,0,0,0,0,0,0,0,0,0,0,0,0,6.97192843499336e-08,0,0,0,0,5.99228346508155e-07,0,0,0,0,9.58765354413047e-08,0,0,0,0,3.28558955621065e-14,0,0,0,0,3.28458227330687e-14,0,0
297,0,0,2.43491212809288e-07,0,0,0,0,2.43491212809288e-07,0,0,0,0,0,0,0,0,0,6.44970762344537e-11,0,0,0,0,1.63149758637479e-10,0,0,0,0,1.95424920883247e-08,0,0,0,0,1.95424920883247e-08,0,0,0,0,0,0,0,0,0,0,0,0,0,0,0,0,0,0,0,4.39776773974677e-08,0,0,0,0,3.6429762938767e-07,0,0,0,0,5.82876207020271e-08,0,0,0,0,1.86709638773476e-14,0,0,0,0,1.8665239807926e-14,0,0
298,0,0,1.2744561340089e-07,0,0,0,0,1.2744561340089e-07,0,0,0,0,0,0,0,0,0,4.09216440291664e-11,0,0,0,0,8.53941332250302e-11,0,0,0,0,1.15918709747757e-08,0,0,0,0,1.15918709747757e-08,0,0,0,0,0,0,0,0,0,0,0,0,0,0,0,0,0,0,0,2.79026424879604e-08,0,0,0,0,2.07310801274445e-07,0,0,0,0,3.31697282039112e-08,0,0,0,0,9.77255982538541e-15,0,0,0,0,9.76956379308438e-15,0,0
299,0,0,7.68195772602952e-08,0,0,0,0,7.68195772602952e-08,0,0,0,0,0,0,0,0,0,2.59636722750427e-11,0,0,0,0,5.14724755117414e-11,0,0,0,0,6.60233241775248e-09,0,0,0,0,6.60233241775248e-09,0,0,0,0,0,0,0,0,0,0,0,0,0,0,0,0,0,0,0,1.77034692117634e-08,0,0,0,0,1.20326812372985e-07,0,0,0,0,1.92522899796776e-08,0,0,0,0,5.89054338163523e-15,0,0,0,0,5.88873748240746e-15,0,0
300,0,0,1.73954618502817e-07,0,0,0,0,1.73954618502817e-07,0,0,0,0,0,0,0,0,0,2.06810527029301e-11,0,0,0,0,1.16557200135342e-10,0,0,0,0,9.08827822716784e-09,0,0,0,0,9.08827822716784e-09,0,0,0,0,0,0,0,0,0,0,0,0,0,0,0,0,0,0,0,1.12323706354008e-08,0,0,0,0,2.021893751137e-07,0,0,0,0,3.2350300018192e-08,0,0,0,0,1.33388813538325e-14,0,0,0,0,1.33347919729426e-14,0,0
301,0,0,1.11439094725102e-07,0,0,0,0,1.11439094725102e-07,0,0,0,0,0,0,0,0,0,1.31215665308817e-11,0,0,0,0,7.4669065866536e-11,0,0,0,0,5.75597450870589e-09,0,0,0,0,5.75597450870589e-09,0,0,0,0,0,0,0,0,0,0,0,0,0,0,0,0,0,0,0,7.12663425353838e-09,0,0,0,0,1.28739255448547e-07,0,0,0,0,2.05982808717675e-08,0,0,0,0,8.54517618164053e-15,0,0,0,0,8.54255643570747e-15,0,0
302,0,0,2.24481368644627e-08,0,0,0,0,2.24481368644627e-08,0,0,0,0,0,0,0,0,0,6.63140045831872e-12,0,0,0,0,1.50412331888408e-11,0,0,0,0,1.89069091079166e-09,0,0,0,0,1.89069091079166e-09,0,0,0,0,0,0,0,0,0,0,0,0,0,0,0,0,0,0,0,4.52165597381875e-09,0,0,0,0,3.4702083665723e-08,0,0,0,0,5.55233338651567e-09,0,0,0,0,1.72132845236767e-15,0,0,0,0,1.72080073437605e-15,0,0
303,0,0,1.3933809954853e-08,0,0,0,0,1.3933809954853e-08,0,0,0,0,0,0,0,0,0,4.1284355644964e-12,0,0,0,0,9.33626189136978e-12,0,0,0,0,1.20539501169305e-09,0,0,0,0,1.20539501169305e-09,0,0,0,0,0,0,0,0,0,0,0,0,0,0,0,0,0,0,0,2.86886797023709e-09,0,0,0,0,2.18988011760939e-08,0,0,0,0,3.50380818817502e-09,0,0,0,0,1.06844784803242e-15,0,0,0,0,1.06812028756496e-15,0,0
304,0,0,9.48100306020722e-09,0,0,0,0,9.48100306020722e-09,0,0,0,0,0,0,0,0,0,2.66950873243431e-12,0,0,0,0,6.35268658391191e-12,0,0,0,0,7.86211990450951e-10,0,0,0,0,7.86211990450951e-10,0,0,0,0,0,0,0,0,0,0,0,0,0,0,0,0,0,0,0,1.82021884864923e-09,0,0,0,0,1.45097579793672e-08,0,0,0,0,2.32156127669875e-09,0,0,0,0,7.2700556055302e-16,0,0,0,0,7.26782678096288e-16,0,0
305,0,0,5.67878770563832e-09,0,0,0,0,5.67878770563832e-09,0,0,0,0,0,0,0,0,0,1.69373082408149e-12,0,0,0,0,3.80503605382276e-12,0,0,0,0,4.63010980265127e-10,0,0,0,0,4.63010980265127e-10,0,0,0,0,0,0,0,0,0,0,0,0,0,0,0,0,0,0,0,1.15487944769523e-09,0,0,0,0,8.59251206085927e-09,0,0,0,0,1.37480192973748e-09,0,0,0,0,4.35450786481336e-16,0,0,0,0,4.3531728772102e-16,0,0
306,0,0,4.58836951459362e-09,0,0,0,0,4.58836951459362e-09,0,0,0,0,0,0,0,0,0,1.09519190856749e-12,0,0,0,0,3.07440818996553e-12,0,0,0,0,3.38450124993705e-10,0,0,0,0,3.38450124993705e-10,0,0,0,0,0,0,0,0,0,0,0,0,0,0,0,0,0,0,0,7.32739659134172e-10,0,0,0,0,6.51010035193251e-09,0,0,0,0,1.0416160563092e-09,0,0,0,0,3.5183726128959e-16,0,0,0,0,3.51729396429372e-16,0,0
307,0,0,7.23344279874934e-09,0,0,0,0,7.23344279874934e-09,0,0,0,0,0,0,0,0,0,8.55980674003244e-13,0,0,0,0,4.8467229396828e-12,0,0,0,0,3.73944989437806e-10,0,0,0,0,3.73944989437806e-10,0,0,0,0,0,0,0,0,0,0,0,0,0,0,0,0,0,0,0,4.64903422724822e-10,0,0,0,0,8.36167546553621e-09,0,0,0,0,1.33786807448579e-09,0,0,0,0,5.54662107293744e-16,0,0,0,0,5.54492061203538e-16,0,0
308,0,0,4.68655502233393e-09,0,0,0,0,4.68655502233393e-09,0,0,0,0,0,0,0,0,0,5.53490020214328e-13,0,0,0,0,3.14019677307171e-12,0,0,0,0,2.35523809480348e-10,0,0,0,0,2.35523809480348e-10,0,0,0,0,0,0,0,0,0,0,0,0,0,0,0,0,0,0,0,2.96310951167133e-10,0,0,0,0,5.33570671065894e-09,0,0,0,0,8.5371307370543e-10,0,0,0,0,3.59366149281676e-16,0,0,0,0,3.59255976245094e-16,0,0
309,0,0,8.99761664104647e-10,0,0,0,0,8.99761664104647e-10,0,0,0,0,0,0,0,0,0,2.74471068539603e-13,0,0,0,0,6.02879654819024e-13,0,0,0,0,7.47978822538225e-11,0,0,0,0,7.47978822538225e-11,0,0,0,0,0,0,0,0,0,0,0,0,0,0,0,0,0,0,0,1.87149570366492e-10,0,0,0,0,1.37981287480939e-09,0,0,0,0,2.20770059969502e-10,0,0,0,0,6.89939375425347e-17,0,0,0,0,6.89727856571386e-17,0,0
310,0,0,5.70874350888976e-10,0,0,0,0,5.70874350888976e-10,0,0,0,0,0,0,0,0,0,1.74144442179886e-13,0,0,0,0,3.82510775174516e-13,0,0,0,0,5.12217018326283e-11,0,0,0,0,5.12217018326283e-11,0,0,0,0,0,0,0,0,0,0,0,0,0,0,0,0,0,0,0,1.18741322023803e-10,0,0,0,0,9.20627524707301e-10,0,0,0,0,1.47300403953168e-10,0,0,0,0,4.37747804570702e-17,0,0,0,0,4.37613601599768e-17,0,0
311,0,0,3.91316117051386e-10,0,0,0,0,3.91316117051386e-10,0,0,0,0,0,0,0,0,0,1.1048992122741e-13,0,0,0,0,2.62198907760558e-13,0,0,0,0,3.22566752804928e-11,0,0,0,0,3.22566752804928e-11,0,0,0,0,0,0,0,0,0,0,0,0,0,0,0,0,0,0,0,7.53381454648788e-11,0,0,0,0,5.95731031649508e-10,0,0,0,0,9.53169650639212e-11,0,0,0,0,3.00062125519614e-17,0,0,0,0,2.9997013367342e-17,0,0
312,0,0,2.529539684934e-10,0,0,0,0,2.529539684934e-10,0,0,0,0,0,0,0,0,0,7.14444503140816e-14,0,0,0,0,1.69490218681585e-13,0,0,0,0,2.11756041247177e-11,0,0,0,0,2.11756041247177e-11,0,0,0,0,0,0,0,0,0,0,0,0,0,0,0,0,0,0,0,4.78000081635396e-11,0,0,0,0,3.89493236809836e-10,0,0,0,0,6.23189178895738e-11,0,0,0,0,1.93965702247791e-17,0,0,0,0,1.93906237018659e-17,0,0
313,0,0,1.51337894340199e-10,0,0,0,0,1.51337894340199e-10,0,0,0,0,0,0,0,0,0,4.4478358895148e-14,0,0,0,0,1.01403006085671e-13,0,0,0,0,1.27882459379466e-11,0,0,0,0,1.27882459379466e-11,0,0,0,0,0,0,0,0,0,0,0,0,0,0,0,0,0,0,0,3.03278075978071e-11,0,0,0,0,2.34274588339289e-10,0,0,0,0,3.74839341342862e-11,0,0,0,0,1.16046255875067e-17,0,0,0,0,1.16010678878126e-17,0,0
314,0,0,3.1269443010358e-10,0,0,0,0,3.1269443010358e-10,0,0,0,0,0,0,0,0,0,3.61067224284609e-14,0,0,0,0,2.09518939965364e-13,0,0,0,0,1.5590009572122e-11,0,0,0,0,1.5590009572122e-11,0,0,0,0,0,0,0,0,0,0,0,0,0,0,0,0,0,0,0,1.924217064028e-11,0,0,0,0,3.54456888914066e-10,0,0,0,0,5.67131022262505e-11,0,0,0,0,2.39774829725972e-17,0,0,0,0,2.39701320517774e-17,0,0
315,0,0,1.86523320410856e-10,0,0,0,0,1.86523320410856e-10,0,0,0,0,0,0,0,0,0,2.24785515409592e-14,0,0,0,0,1.2497877994935e-13,0,0,0,0,9.90074961594669e-12,0,0,0,0,9.90074961594669e-12,0,0,0,0,0,0,0,0,0,0,0,0,0,0,0,0,0,0,0,1.22086349221111e-11,0,0,0,0,2.18657051908855e-10,0,0,0,0,3.49851283054168e-11,0,0,0,0,1.43026523934633e-17,0,0,0,0,1.42982675435031e-17,0,0
316,0,0,3.7875893913699e-11,0,0,0,0,3.7875893913699e-11,0,0,0,0,0,0,0,0,0,1.13602500616244e-14,0,0,0,0,2.5378504952615e-14,0,0,0,0,3.08380351719461e-12,0,0,0,0,3.08380351719461e-12,0,0,0,0,0,0,0,0,0,0,0,0,0,0,0,0,0,0,0,7.74604744172574e-12,0,0,0,0,5.72645175747812e-11,0,0,0,0,9.16232281196498e-12,0,0,0,0,2.90433251748931e-18,0,0,0,0,2.90344211884343e-18,0,0
317,0,0,3.11188310646205e-11,0,0,0,0,3.11188310646205e-11,0,0,0,0,0,0,0,0,0,7.34570911144718e-15,0,0,0,0,2.08509774077549e-14,0,0,0,0,2.20006184125856e-12,0,0,0,0,2.20006184125856e-12,0,0,0,0,0,0,0,0,0,0,0,0,0,0,0,0,0,0,0,4.91465682709517e-12,0,0,0,0,4.30083606935801e-11,0,0,0,0,6.88133771097281e-12,0,0,0,0,2.38619933758304e-18,0,0,0,0,2.38546778613492e-18,0,0
318,0,0,1.55675576594925e-11,0,0,0,0,1.55675576594925e-11,0,0,0,0,0,0,0,0,0,4.57313457885069e-15,0,0,0,0,1.0430944285084e-14,0,0,0,0,1.31306382054448e-12,0,0,0,0,1.31306382054448e-12,0,0,0,0,0,0,0,0,0,0,0,0,0,0,0,0,0,0,0,3.11821634321567e-12,0,0,0,0,2.40805892002473e-11,0,0,0,0,3.85289427203956e-12,0,0,0,0,1.19372400903259e-18,0,0,0,0,1.19335804190079e-18,0,0
319,0,0,1.38560589357872e-11,0,0,0,0,1.38560589357872e-11,0,0,0,0,0,0,0,0,0,2.95705782544493e-15,0,0,0,0,9.2841653091233e-15,0,0,0,0,9.01697946231934e-13,0,0,0,0,9.01697946231934e-13,0,0,0,0,0,0,0,0,0,0,0,0,0,0,0,0,0,0,0,1.97842362247788e-12,0,0,0,0,1.82259484246776e-11,0,0,0,0,2.91615174794842e-12,0,0,0,0,1.06248588147249e-18,0,0,0,0,1.06216014880089e-18,0,0
320,0,0,6.22159641501617e-12,0,0,0,0,6.22159641501617e-12,0,0,0,0,0,0,0,0,0,1.84094185980353e-15,0,0,0,0,4.16874162208358e-15,0,0,0,0,5.02009307715796e-13,0,0,0,0,5.02009307715796e-13,0,0,0,0,0,0,0,0,0,0,0,0,0,0,0,0,0,0,0,1.255256082053e-12,0,0,0,0,9.35039373698098e-12,0,0,0,0,1.49606299791696e-12,0,0,0,0,4.77073486899037e-19,0,0,0,0,4.76927227617717e-19,0,0
321,0,0,1.20164975874749e-11,0,0,0,0,1.20164975874749e-11,0,0,0,0,0,0,0,0,0,1.46638022627576e-15,0,0,0,0,8.05157877545215e-15,0,0,0,0,6.37774591195965e-13,0,0,0,0,6.37774591195965e-13,0,0,0,0,0,0,0,0,0,0,0,0,0,0,0,0,0,0,0,7.9642590880389e-13,0,0,0,0,1.40823062612454e-11,0,0,0,0,2.25316900179926e-12,0,0,0,0,9.21427881521561e-19,0,0,0,0,9.21145393847355e-19,0,0
322,0,0,8.12062871289006e-12,0,0,0,0,8.12062871289006e-12,0,0,0,0,0,0,0,0,0,9.48183581397294e-16,0,0,0,0,5.44117629218221e-15,0,0,0,0,4.07075494428764e-13,0,0,0,0,4.07075494428764e-13,0,0,0,0,0,0,0,0,0,0,0,0,0,0,0,0,0,0,0,5.05310619309412e-13,0,0,0,0,9.23036795415414e-12,0,0,0,0,1.47685887266466e-12,0,0,0,0,6.22691733350053e-19,0,0,0,0,6.22500831009209e-19,0,0
323,0,0,1.68510855460424e-12,0,0,0,0,1.68510855460424e-12,0,0,0,0,0,0,0,0,0,4.70196302106849e-16,0,0,0,0,1.12909640881769e-15,0,0,0,0,1.29399370427468e-13,0,0,0,0,1.29399370427468e-13,0,0,0,0,0,0,0,0,0,0,0,0,0,0,0,0,0,0,0,3.20605870758701e-13,0,0,0,0,2.45478250223946e-12,0,0,0,0,3.92765200358314e-13,0,0,0,0,1.29214523142024e-19,0,0,0,0,1.29174909070377e-19,0,0
324,0,0,1.15751314713543e-12,0,0,0,0,1.15751314713543e-12,0,0,0,0,0,0,0,0,0,3.0403602401523e-16,0,0,0,0,7.75584418000198e-16,0,0,0,0,8.59671415528516e-14,0,0,0,0,8.59671415528516e-14,0,0,0,0,0,0,0,0,0,0,0,0,0,0,0,0,0,0,0,2.03680210050178e-13,0,0,0,0,1.65089706494817e-12,0,0,0,0,2.64143530391708e-13,0,0,0,0,8.87583823184942e-20,0,0,0,0,8.87311711286766e-20,0,0
325,0,0,5.81205493126573e-13,0,0,0,0,5.81205493126573e-13,0,0,0,0,0,0,0,0,0,1.89280249673052e-16,0,0,0,0,3.89433092177526e-16,0,0,0,0,5.03275469431678e-14,0,0,0,0,5.03275469431678e-14,0,0,0,0,0,0,0,0,0,0,0,0,0,0,0,0,0,0,0,1.29061753552589e-13,0,0,0,0,9.14549327490055e-13,0,0,0,0,1.46327892398409e-13,0,0,0,0,4.45669748911297e-20,0,0,0,0,4.45533117262355e-20,0,0
326,0,0,3.87105970145574e-13,0,0,0,0,3.87105970145574e-13,0,0,0,0,0,0,0,0,0,1.20093180204263e-16,0,0,0,0,2.59377925255331e-16,0,0,0,0,3.17334355030476e-14,0,0,0,0,3.17334355030476e-14,0,0,0,0,0,0,0,0,0,0,0,0,0,0,0,0,0,0,0,8.18861791108255e-14,0,0,0,0,5.87731445883206e-13,0,0,0,0,9.4037031341313e-14,0,0,0,0,2.9683377489908e-20,0,0,0,0,2.96742772787707e-20,0,0
327,0,0,2.89911436761325e-13,0,0,0,0,2.89911436761325e-13,0,0,0,0,0,0,0,0,0,7.61958627827558e-17,0,0,0,0,1.94253338295626e-16,0,0,0,0,2.2285110577837e-14,0,0,0,0,2.2285110577837e-14,0,0,0,0,0,0,0,0,0,0,0,0,0,0,0,0,0,0,0,5.19545577585689e-14,0,0,0,0,4.2218501813368e-13,0,0,0,0,6.75496029013887e-14,0,0,0,0,2.22304776461903e-20,0,0,0,0,2.22236623152755e-20,0,0
328,0,0,5.32911479196678e-13,0,0,0,0,5.32911479196678e-13,0,0,0,0,0,0,0,0,0,6.18544149567122e-17,0,0,0,0,3.57073991307349e-16,0,0,0,0,2.68264764519125e-14,0,0,0,0,2.68264764519125e-14,0,0,0,0,0,0,0,0,0,0,0,0,0,0,0,0,0,0,0,3.29637565361947e-14,0,0,0,0,6.07275331721525e-13,0,0,0,0,9.71640530754439e-14,0,0,0,0,4.08637784629143e-20,0,0,0,0,4.08512506091682e-20,0,0
329,0,0,3.31158639373022e-13,0,0,0,0,3.31158639373022e-13,0,0,0,0,0,0,0,0,0,3.85079996500696e-17,0,0,0,0,2.21890767478092e-16,0,0,0,0,1.66899295286446e-14,0,0,0,0,1.66899295286446e-14,0,0,0,0,0,0,0,0,0,0,0,0,0,0,0,0,0,0,0,2.09146086860551e-14,0,0,0,0,3.77547901947451e-13,0,0,0,0,6.04076643115921e-14,0,0,0,0,2.53933229132506e-20,0,0,0,0,2.53855379298852e-20,0,0
330,0,0,7.15813830839005e-14,0,0,0,0,7.15813830839005e-14,0,0,0,0,0,0,0,0,0,1.94612408455508e-17,0,0,0,0,4.79626563863818e-17,0,0,0,0,5.9192048235456e-15,0,0,0,0,5.9192048235456e-15,0,0,0,0,0,0,0,0,0,0,0,0,0,0,0,0,0,0,0,1.32697514620495e-14,0,0,0,0,1.09241706403016e-13,0,0,0,0,1.74786730244825e-14,0,0,0,0,5.48887741134577e-21,0,0,0,0,5.48719465326451e-21,0,0
331,0,0,5.25407730400593e-14,0,0,0,0,5.25407730400593e-14,0,0,0,0,0,0,0,0,0,1.25839319930242e-17,0,0,0,0,3.52046151530986e-17,0,0,0,0,3.71137837203385e-15,0,0,0,0,3.71137837203385e-15,0,0,0,0,0,0,0,0,0,0,0,0,0,0,0,0,0,0,0,8.41929708118179e-15,0,0,0,0,7.26110054446774e-14,0,0,0,0,1.16177608711484e-14,0,0,0,0,4.02883892277137e-21,0,0,0,0,4.02760377744979e-21,0,0
332,0,0,2.91822633238794e-14,0,0,0,0,2.91822633238794e-14,0,0,0,0,0,0,0,0,0,7.83423542398715e-18,0,0,0,0,1.95533923497902e-17,0,0,0,0,2.32418688499422e-15,0,0,0,0,2.32418688499422e-15,0,0,0,0,0,0,0,0,0,0,0,0,0,0,0,0,0,0,0,5.34181544725395e-15,0,0,0,0,4.34658885123865e-14,0,0,0,0,6.95454216198184e-15,0,0,0,0,2.23770286448142e-21,0,0,0,0,2.23701683848804e-21,0,0
333,0,0,1.42615273731242e-14,0,0,0,0,1.42615273731242e-14,0,0,0,0,0,0,0,0,0,4.97060970788365e-18,0,0,0,0,9.5558468902507e-18,0,0,0,0,1.36846859270707e-15,0,0,0,0,1.36846859270707e-15,0,0,0,0,0,0,0,0,0,0,0,0,0,0,0,0,0,0,0,3.38923689203227e-15,0,0,0,0,2.40562631225654e-14,0,0,0,0,3.84900209961046e-15,0,0,0,0,1.09357729729641e-21,0,0,0,0,1.09324203274291e-21,0,0
334,0,0,0,0,0,0,0,0,0,0,0,0,0,0,0,0,0,0,0,0,0,0,0,0,0,0,0,4.9260600572348e-16,0,0,0,0,4.9260600572348e-16,0,0,0,0,0,0,0,0,0,0,0,0,0,0,0,0,0,0,0,2.15037880356155e-15,0,0,0,0,5.91127206868176e-15,0,0,0,0,9.45803530989082e-16,0,0,0,0,0,0,0,0,0,0,0,0
335,0,0,0,0,0,0,0,0,0,0,0,0,0,0,0,0,0,0,0,0,0,0,0,0,0,0,0,0,0,0,0,0,0,0,0,0,0,0,0,0,0,0,0,0,0,0,0,0,0,0,0,0,0,0,0,0,0,0,0,0,0,0,0,0,0,0,0,0,0,0,0,0,0,0,0
336,0,0,0,0,0,0,0,0,0,0,0,0,0,0,0,0,0,0,0,0,0,0,0,0,0,0,0,0,0,0,0,0,0,0,0,0,0,0,0,0,0,0,0,0,0,0,0,0,0,0,0,0,0,0,0,0,0,0,0,0,0,0,0,0,0,0,0,0,0,0,0,0,0,0,0
337,0,0,0,0,0,0,0,0,0,0,0,0,0,0,0,0,0,0,0,0,0,0,0,0,0,0,0,0,0,0,0,0,0,0,0,0,0,0,0,0,0,0,0,0,0,0,0,0,0,0,0,0,0,0,0,0,0,0,0,0,0,0,0,0,0,0,0,0,0,0,0,0,0,0,0
338,0,0,0,0,0,0,0,0,0,0,0,0,0,0,0,0,0,0,0,0,0,0,0,0,0,0,0,0,0,0,0,0,0,0,0,0,0,0,0,0,0,0,0,0,0,0,0,0,0,0,0,0,0,0,0,0,0,0,0,0,0,0,0,0,0,0,0,0,0,0,0,0,0,0,0
339,0,0,0,0,0,0,0,0,0,0,0,0,0,0,0,0,0,0,0,0,0,0,0,0,0,0,0,0,0,0,0,0,0,0,0,0,0,0,0,0,0,0,0,0,0,0,0,0,0,0,0,0,0,0,0,0,0,0,0,0,0,0,0,0,0,0,0,0,0,0,0,0,0,0,0
340,0,0,0,0,0,0,0,0,0,0,0,0,0,0,0,0,0,0,0,0,0,0,0,0,0,0,0,0,0,0,0,0,0,0,0,0,0,0,0,0,0,0,0,0,0,0,0,0,0,0,0,0,0,0,0,0,0,0,0,0,0,0,0,0,0,0,0,0,0,0,0,0,0,0,0
341,0,0,0,0,0,0,0,0,0,0,0,0,0,0,0,0,0,0,0,0,0,0,0,0,0,0,0,0,0,0,0,0,0,0,0,0,0,0,0,0,0,0,0,0,0,0,0,0,0,0,0,0,0,0,0,0,0,0,0,0,0,0,0,0,0,0,0,0,0,0,0,0,0,0,0
342,0,0,0,0,0,0,0,0,0,0,0,0,0,0,0,0,0,0,0,0,0,0,0,0,0,0,0,0,0,0,0,0,0,0,0,0,0,0,0,0,0,0,0,0,0,0,0,0,0,0,0,0,0,0,0,0,0,0,0,0,0,0,0,0,0,0,0,0,0,0,0,0,0,0,0
343,0,0,0,0,0,0,0,0,0,0,0,0,0,0,0,0,0,0,0,0,0,0,0,0,0,0,0,0,0,0,0,0,0,0,0,0,0,0,0,0,0,0,0,0,0,0,0,0,0,0,0,0,0,0,0,0,0,0,0,0,0,0,0,0,0,0,0,0,0,0,0,0,0,0,0
344,0,0,0,0,0,0,0,0,0,0,0,0,0,0,0,0,0,0,0,0,0,0,0,0,0,0,0,0,0,0,0,0,0,0,0,0,0,0,0,0,0,0,0,0,0,0,0,0,0,0,0,0,0,0,0,0,0,0,0,0,0,0,0,0,0,0,0,0,0,0,0,0,0,0,0
345,0,0,0,0,0,0,0,0,0,0,0,0,0,0,0,0,0,0,0,0,0,0,0,0,0,0,0,0,0,0,0,0,0,0,0,0,0,0,0,0,0,0,0,0,0,0,0,0,0,0,0,0,0,0,0,0,0,0,0,0,0,0,0,0,0,0,0,0,0,0,0,0,0,0,0
346,0,0,0,0,0,0,0,0,0,0,0,0,0,0,0,0,0,0,0,0,0,0,0,0,0,0,0,0,0,0,0,0,0,0,0,0,0,0,0,0,0,0,0,0,0,0,0,0,0,0,0,0,0,0,0,0,0,0,0,0,0,0,0,0,0,0,0,0,0,0,0,0,0,0,0
347,0,0,0,0,0,0,0,0,0,0,0,0,0,0,0,0,0,0,0,0,0,0,0,0,0,0,0,0,0,0,0,0,0,0,0,0,0,0,0,0,0,0,0,0,0,0,0,0,0,0,0,0,0,0,0,0,0,0,0,0,0,0,0,0,0,0,0,0,0,0,0,0,0,0,0
348,0,0,0,0,0,0,0,0,0,0,0,0,0,0,0,0,0,0,0,0,0,0,0,0,0,0,0,0,0,0,0,0,0,0,0,0,0,0,0,0,0,0,0,0,0,0,0,0,0,0,0,0,0,0,0,0,0,0,0,0,0,0,0,0,0,0,0,0,0,0,0,0,0,0,0
349,0,0,0,0,0,0,0,0,0,0,0,0,0,0,0,0,0,0,0,0,0,0,0,0,0,0,0,0,0,0,0,0,0,0,0,0,0,0,0,0,0,0,0,0,0,0,0,0,0,0,0,0,0,0,0,0,0,0,0,0,0,0,0,0,0,0,0,0,0,0,0,0,0,0,0
350,0,0,0,0,0,0,0,0,0,0,0,0,0,0,0,0,0,0,0,0,0,0,0,0,0,0,0,0,0,0,0,0,0,0,0,0,0,0,0,0,0,0,0,0,0,0,0,0,0,0,0,0,0,0,0,0,0,0,0,0,0,0,0,0,0,0,0,0,0,0,0,0,0,0,0
351,0,0,0,0,0,0,0,0,0,0,0,0,0,0,0,0,0,0,0,0,0,0,0,0,0,0,0,0,0,0,0,0,0,0,0,0,0,0,0,0,0,0,0,0,0,0,0,0,0,0,0,0,0,0,0,0,0,0,0,0,0,0,0,0,0,0,0,0,0,0,0,0,0,0,0
352,0,0,0,0,0,0,0,0,0,0,0,0,0,0,0,0,0,0,0,0,0,0,0,0,0,0,0,0,0,0,0,0,0,0,0,0,0,0,0,0,0,0,0,0,0,0,0,0,0,0,0,0,0,0,0,0,0,0,0,0,0,0,0,0,0,0,0,0,0,0,0,0,0,0,0
353,0,0,0,0,0,0,0,0,0,0,0,0,0,0,0,0,0,0,0,0,0,0,0,0,0,0,0,0,0,0,0,0,0,0,0,0,0,0,0,0,0,0,0,0,0,0,0,0,0,0,0,0,0,0,0,0,0,0,0,0,0,0,0,0,0,0,0,0,0,0,0,0,0,0,0
354,0,0,0,0,0,0,0,0,0,0,0,0,0,0,0,0,0,0,0,0,0,0,0,0,0,0,0,0,0,0,0,0,0,0,0,0,0,0,0,0,0,0,0,0,0,0,0,0,0,0,0,0,0,0,0,0,0,0,0,0,0,0,0,0,0,0,0,0,0,0,0,0,0,0,0
355,0,0,0,0,0,0,0,0,0,0,0,0,0,0,0,0,0,0,0,0,0,0,0,0,0,0,0,0,0,0,0,0,0,0,0,0,0,0,0,0,0,0,0,0,0,0,0,0,0,0,0,0,0,0,0,0,0,0,0,0,0,0,0,0,0,0,0,0,0,0,0,0,0,0,0
356,0,0,0,0,0,0,0,0,0,0,0,0,0,0,0,0,0,0,0,0,0,0,0,0,0,0,0,0,0,0,0,0,0,0,0,0,0,0,0,0,0,0,0,0,0,0,0,0,0,0,0,0,0,0,0,0,0,0,0,0,0,0,0,0,0,0,0,0,0,0,0,0,0,0,0
357,0,0,0,0,0,0,0,0,0,0,0,0,0,0,0,0,0,0,0,0,0,0,0,0,0,0,0,0,0,0,0,0,0,0,0,0,0,0,0,0,0,0,0,0,0,0,0,0,0,0,0,0,0,0,0,0,0,0,0,0,0,0,0,0,0,0,0,0,0,0,0,0,0,0,0
358,0,0,0,0,0,0,0,0,0,0,0,0,0,0,0,0,0,0,0,0,0,0,0,0,0,0,0,0,0,0,0,0,0,0,0,0,0,0,0,0,0,0,0,0,0,0,0,0,0,0,0,0,0,0,0,0,0,0,0,0,0,0,0,0,0,0,0,0,0,0,0,0,0,0,0
359,0,0,0,0,0,0,0,0,0,0,0,0,0,0,0,0,0,0,0,0,0,0,0,0,0,0,0,0,0,0,0,0,0,0,0,0,0,0,0,0,0,0,0,0,0,0,0,0,0,0,0,0,0,0,0,0,0,0,0,0,0,0,0,0,0,0,0,0,0,0,0,0,0,0,0
360,0,0,0,0,0,0,0,0,0,0,0,0,0,0,0,0,0,0,0,0,0,0,0,0,0,0,0,0,0,0,0,0,0,0,0,0,0,0,0,0,0,0,0,0,0,0,0,0,0,0,0,0,0,0,0,0,0,0,0,0,0,0,0,0,0,0,0,0,0,0,0,0,0,0,0
361,0,0,0,0,0,0,0,0,0,0,0,0,0,0,0,0,0,0,0,0,0,0,0,0,0,0,0,0,0,0,0,0,0,0,0,0,0,0,0,0,0,0,0,0,0,0,0,0,0,0,0,0,0,0,0,0,0,0,0,0,0,0,0,0,0,0,0,0,0,0,0,0,0,0,0
362,0,0,0,0,0,0,0,0,0,0,0,0,0,0,0,0,0,0,0,0,0,0,0,0,0,0,0,0,0,0,0,0,0,0,0,0,0,0,0,0,0,0,0,0,0,0,0,0,0,0,0,0,0,0,0,0,0,0,0,0,0,0,0,0,0,0,0,0,0,0,0,0,0,0,0
363,0,0,0,0,0,0,0,0,0,0,0,0,0,0,0,0,0,0,0,0,0,0,0,0,0,0,0,0,0,0,0,0,0,0,0,0,0,0,0,0,0,0,0,0,0,0,0,0,0,0,0,0,0,0,0,0,0,0,0,0,0,0,0,0,0,0,0,0,0,0,0,0,0,0,0
364,0,0,0,0,0,0,0,0,0,0,0,0,0,0,0,0,0,0,0,0,0,0,0,0,0,0,0,0,0,0,0,0,0,0,0,0,0,0,0,0,0,0,0,0,0,0,0,0,0,0,0,0,0,0,0,0,0,0,0,0,0,0,0,0,0,0,0,0,0,0,0,0,0,0,0
